,Unnamed: 0,category,text,star
0,0,sushi,ChÆ°a láº§n nÃ o Äƒn á»Ÿ Ä‘Ã¢y mÃ  tháº¥t vá»ng cáº£,5
1,1,sushi,TrÆ°a nay mÃ¬nh cÃ³ gá»i 2 pháº§n vá» Äƒn trÆ°a Bento LÆ°Æ¡n nháº­t nÆ°á»›ng cÆ¡m khÃ¡ nhÃ£o lÆ°Æ¡n thÃ¬ cá»©ng ko cÃ²n nÃ³ng ná»¯a Äƒn hÆ¡i tanh. Set cÃ¡ há»“i- cÃ¡ trÃ­ch- trá»©ng Ã©p thÃ¬ táº¡m Ä‘Æ°á»£c nhÆ°ng cÃ¡ há»“i khÃ´ng Ä‘Æ°á»£c tÆ°Æ¡i láº¯m ğŸ˜‘ giÃ¡ cáº£ so vá»›i cháº¥t lÆ°á»£ng Ä‘á»“ Äƒn thÃ¬ ok pháº§n canh Ä‘i kÃ¨m vá»‹ vá»«a miá»‡ng khÃ¡ ngon. NÃ³i chung lÃ  táº¡m á»•n.,3
2,2,sushi,"Sushi Garden â€“ 46***
MÃª Ä‘á»“ Äƒn á»Ÿ Ä‘Ã¢y thá»±c sá»± áº¥y, dÃ¹ Äƒn táº¡i quÃ¡n hay gá»i ship cháº¥t lÆ°á»£ng cÅ©ng Ä‘á»u tá»‘t nhÆ° nhau. GiÃ¡ cáº£ láº¡i ráº» phÃ¹ há»£p vá»›i cháº¥t lÆ°á»£ng. QuÃ¡n náº±m ngay máº·t Ä‘Æ°á»ng nÃªn khÃ´ng khÃ³ tÃ¬m, tuy nhiÃªn khÃ´ng gian quÃ¡n thÃ¬ khÃ´ng Ä‘Æ°á»£c Ä‘áº¹p cho láº¯m, Ä‘Æ°á»£c cÃ¡i bÃ n gháº¿ cÃ¡c thá»© cÅ©ng sáº¡ch sáº½.
BÃ¡nh xÃ¨o Nháº­t lÃ  mÃ³n mÃ¬nh luÃ´n gá»i má»—i khi Ä‘áº¿n Ä‘Ã¢y, bÃ¡nh ngon vÃ  ráº¥t thÆ¡m. CÃ¡c loáº¡i kimpap cÅ©ng khÃ¡ ok, cÆ¡m dáº»o, khÃ´ng bá»‹ nÃ¡t, cuá»™n cháº¯c tay, nhÃ¢n Ä‘áº§y Ä‘áº·n. NÃ³i chung lÃ  Äƒn khÃ¡ á»•n!",3
3,3,sushi,"Mik Äƒn nhiá»u láº§n á»Ÿ Ä‘Ã¢y ngon, giÃ¡ cáº£ há»£p lÃ½ khÃ´ng gian thoáº£i mÃ¡i, phá»¥c vá»¥ chá»© Ä‘Ã¡o",5
4,4,sushi,MÃ¬nh cÃ³ order 1 á»Ÿ Ä‘Ã¢y sushi thanh cua. Khi má»Ÿ ra Äƒn thÃ¬ tháº¥y cÃ²n nguyÃªn bá»c nilon á»Ÿ ngoÃ i. K hiá»ƒu nhÃ  hÃ ng nÃ y lÃ m Äƒn kiá»ƒu gÃ¬. QuÃ¡ tháº¥t vá»ng,1
5,5,sushi,Äá»“ Äƒn tÆ°Æ¡i ngon. ÄÃ¢y lÃ  nhÃ  hÃ ng sushi mÃ  tÃ´i Æ°a chuá»™ng nháº¥t. Ráº¥t lÃ  Ä‘Ã¡ng Ä‘á»“ng tiá»n! MÃ¬nh sáº½ tiáº¿p tá»¥c á»§ng há»™ nhÃ  hÃ ng ná»¯a^^,5
6,6,sushi,"ÄÃ£ Äƒn ráº¥t nhiá»u quÃ¡n Nháº­t, nhg Sushi Garden mÃ¬nh Ä‘Ã¡nh giÃ¡ kÃ©m nháº¥t. CÆ¡m nhÃ£o nÃªn hÆ¡i khÃ³ Äƒn. Äá»“ Äƒn cáº£m giÃ¡c nháº¡t nháº½o ko cÃ³ vá»‹ dÃ¹ Ä‘ang ráº¥t Ä‘Ã³i.",1
7,7,sushi,"Láº§n Ä‘áº§u Ä‘i Äƒn á»Ÿ Ä‘Ã¢y ncl cx khÃ¡ á»•n. MÃ¬nh Ä‘i 6ng gá»i 1 set S4 j Ä‘Ã³ gá»“m cx khÃ¡ nhiá»u Ä‘á»“ nhg Äƒn chÆ°a pháº£i lÃ  no cÄƒng bá»¥ng. Äá»“ Äƒn ko quÃ¡ tá»‡, cÃ³ mÃ³n gÃ  rÃ¡n hÆ¡i máº·n chÃºt. Táº¥t tháº£y 6ng cáº£ nÆ°á»›c uá»‘ng 2 chai bia 2 chai lavie lÃ  90k/ngÆ°á»i. Ko gian ko Ä‘Æ°á»£c Ä‘áº¹p cho láº¯m, hÆ¡i xáº­p xá»‡ nhg vá»›i giÃ¡ cáº£ vÃ  pvu nhÆ° nÃ y thÃ¬ phÃ¹ há»£p svien há»c sinh tá»¥ há»p Äƒn uá»‘ng. Vá»‹ trÃ­ ngay máº·t Ä‘Æ°á»ng VÅ© Trá»ng Phá»¥ng nÃªn ráº¥t dá»… tÃ¬m",3
8,8,sushi,"Vá»‹ trÃ­: X
KhÃ´ng gian: X
Dá»‹ch vá»¥: Gá»i ship cá»§a Now, giao hÃ ng nhanh.
Äá»“ Äƒn: CÃ³ 1 Ä‘á»£t ráº¥t hay Äƒn cÃ¡ há»“i, kiá»ƒu háº¹n hÃ² thÃªm 1 chÃºt vang tráº¯ng thÃ¬ thá»±c toáº¹t vá»i. Váº­y nÃªn sang nhÃ  cÃ²n báº¡n thÃ¢n vÃ  than vÃ£n vá»›i nÃ³ nÃªn Ä‘Æ°á»£c nÃ³ mua cho Ä‘Ã¢y. Cáº£m nháº­n chung Ä‘á»“ á»Ÿ Ä‘Ã¢y khÃ¡ ngon, sáº¡ch sáº½, giÃ¡ á»•n (máº·c dÃ¹ khÃ´ng ngon Ä‘Æ°á»£c báº±ng chá»— khÃ¡c mÃ¬nh Äƒn nhÆ°ng cÅ©ng á»•n). 1 miáº¿ng rong biá»ƒn, miáº¿ng cÃ¡ há»“i, thÃªm Ã­t tÃ­a tÃ´ vÃ  gá»«ng há»“ng, cá»™ng thÃªm 1 chÃºt wasabi cho vá»‹ cay thÃ¬ thá»±c sá»± cáº£m tháº¥y oÃ , chÃ¢n Ã¡i lÃ  Ä‘Ã¢y chá»© Ä‘Ã¢u ná»¯a :3",4
9,9,sushi,MÃ¬nh Ä‘Ã£ Ä‘i Äƒn sushi á»Ÿ ráº¥t nhiá»u quÃ¡n khÃ¡c nhau. NhÆ°ng mÃ¬nh tháº¥y sushi á»Ÿ Ä‘Ã¢y ngon tuyá»‡t vá»i nháº¥t. NhÃ¢n viÃªn phá»¥c vá»¥ nhiá»‡t tÃ¬nh chu Ä‘Ã¡o. KhÃ´ng gian tuy khÃ´ng Ä‘Æ°á»£c rá»™ng nhÆ°ng ráº¥t thoÃ¡ng vÃ  mÃ¡t máº». Sáº½ luÃ´n tin tÆ°á»Ÿng vÃ  á»§ng há»™ nhÃ  hÃ ng â¤ï¸â¤ï¸â¤ï¸,5
10,10,sushi,"Äá»“ Äƒn tÆ°Æ¡i ngon. NhÃ¢n viÃªn nhiá»‡t tÃ¬nh. PhÃ²ng hÆ¡i nhá» nhÆ°ng mÃ¡t máº», thoáº£i mÃ¡i vÃ  sáº¡ch sáº½ . MÃ¬nh vÃ  báº¡n bÃ¨ sáº½ Ä‘áº¿n Ä‘Ã¢y Äƒn nhiá»u hÆ¡n ğŸ˜ğŸ˜",5
11,11,sushi,"MÃ¬nh Ä‘Ã£ Äƒn á»Ÿ ráº¥t nhiá»u quÃ¡n sushi nhÆ°ng mÃ¬nh ráº¥t áº¥n tÆ°á»£ng vá»›i Sushi Garden táº¡i 46 VÅ© Trá»ng Phá»¥ng. NhÃ¢n viÃªn nhiá»‡t tÃ¬nh, nÄƒng Ä‘á»™ng ,tÆ° váº¥n cÃ³ tÃ¢m. Äá»“ Äƒn tÆ°Æ¡i ngon khÃ´ng chÃª vÃ o Ä‘Ã¢u Ä‘Æ°á»£c ğŸ’“ğŸ’“",5
12,12,sushi,"MÃ¬nh Ä‘áº¿n gá»i Ä‘á»“, Ä‘á»£i gáº§n tiáº¿ng Ä‘á»“ng há»“ mÃ£i khÃ´ng lÃªn mÃ³n. Ngá»“i uá»‘ng gáº§n háº¿t lon nÆ°á»›c cÅ©ng khÃ´ng tháº¥y nhÃ¢n viÃªn nÃ³i gÃ¬. KhÃ¡ch bÃ n khÃ¡c Ä‘áº¿n sau thÃ¬ Äƒn gáº§n xong trÆ°á»›c Ä‘i vá». Combo shushi khÃ´ng Ä‘Æ°á»£c tÆ°Æ¡i láº¯m. CÆ¡m nÃ¡tt, do cho nhiá»u dáº¥m quÃ¡. BÃ¡t nÆ°á»›c cháº¥m thÃ¬ cÃ³ má»—i sá»‘t cháº¥m maione cÃ²n k cÃ³ xÃ¬ dáº§u luÃ´n. NhÃ¢n viÃªn phá»¥c vá»¥ kÃ©m, quÃªn ko mang gá»«ng vá»›i mÃ¹ táº¡t. Ra há»i má»›i mang ra!!!",1
13,13,sushi,"VÃ o trÆ°á»›c Ä‘á»£i 1 tiáº¿ng Ä‘á»“ng há»“, uá»‘ng háº¿t cáº£ lon nÆ°á»›c váº«n chÆ°a tháº¥y Ä‘á»“ ra, khÃ¡ch vÃ o sau Ä‘Æ°á»£c phá»¥c vá»¥ Ä‘á»“ lÃªn luÃ´n",1
14,14,sushi,"CÆ¡m bento lÃ  lá»±a chá»n thÆ°á»ng xuyÃªn cho nhá»¯ng ngÃ y home alone hehe.
MÃ¬nh order cÆ¡m bento thÄƒn lá»£n chiÃªn xÃ¹, Ä‘áº§y Ä‘á»§ cÆ¡m, salad, thá»‹t lá»£n chiÃªn xÃ¹, Ä‘áº­u lÃ´ng, cÃ  ri Äƒn vá»«a miá»‡ng vÃ  vá»«a bá»¥ng.
CÆ¡m á»Ÿ Ä‘Ã¢y mÃ¬nh k tháº¥y chÃª Ä‘iá»ƒm gÃ¬ vÃ¬ ráº¥t ngon, cÃ¡c loáº¡i cÆ¡m bento Ä‘á»u ngon nhÃ©, Äƒn cÃ¹ng cÃ  ri ráº¥t há»£p miá»‡ng. Salad báº¯p cáº£i trá»©ng cua sá»‘t cÅ©ng ngon luÃ´n.
Ráº¥t Ä‘Ã¡ng thá»­ nhÃ©
GiÃ¡ cáº£ khÃ¡ á»•n tá»« 65-100k cho má»™t suáº¥t cÆ¡m bento, nhiá»u hÃ´m cÃ³ code giáº£m giÃ¡ ná»¯a tÃ­nh ra ráº» láº¯m áº¡",4
15,15,sushi,"Äá»“ Äƒn lÃªn lÃ¢u, nhÃ¬n khÃ´ng Ä‘Æ°á»£c tÆ°Æ¡i, khÄƒn tráº£i bÃ n báº©n. 
Äá»“ Äƒn khÃ´ng Ä‘Æ°á»£c ngon, canh hÆ¡i máº·n",2
16,16,sushi,"MÃ¬nh order máº¥y mÃ³n cÆ¡m cuá»™n, soup, bÃ¡nh xÃ¨o. MÃ³n nÃ o cÅ©ng máº·n. MÃ¹ táº¡t cho cÃ³ chÃºt xÃ­u mÃ  ko há» cay táº¹o nÃ o. CÆ¡m cuá»™n cÃ¡ há»“i cÅ©ng ko tÆ°Æ¡i.",2
17,17,sushi,"lÃ m ngon, giÃ¡ cáº£ pháº£i chÄƒng, Äƒn á»Ÿ Ä‘Ã¢y nhiá»u láº§n rá»“i cáº£m tháº¥y phá»¥c vá»¥ ráº¥t tá»‘t, táº­n tÃ¬nh. CÅ©ng cÃ³ láº§n ship nháº§m mÃ³n cho mÃ¬nh, khi mÃ¬nh nháº¯n tin há»i thÃ¬ thÃ¬ nhÃ¢n viÃªn tráº£ lá»i ráº¥t lá»‹ch sá»±. 
Vá»‹ trÃ­ á»Ÿ máº·t Ä‘Æ°á»ng dá»… tÃ¬m, rá»™ng rÃ£i, cÃ³ chá»— Ä‘á»ƒ xe, cÃ³ cáº£ thang mÃ¡y Ä‘á»ƒ Ä‘i. sáº½ cÃ²n á»§ng nhÃ  hÃ ng nhiá»u",4
18,18,sushi,"Phá»¥c vá»¥: ráº¥t tá»‘t, lá»… phÃ©p, nháº¹ nhÃ ng, niá»m ná»Ÿ.
Äá»“ Äƒn: ráº¥t ngon, Ä‘áº·c biá»‡t áº¥n tÆ°á»£ng vá»›i sashimi vÃ  bÃ¡nh xÃ¨o, cÃ¡c mÃ³n khÃ¡c mÃ¬nh Ä‘á»u ráº¥t vá»«a miá»‡ng, Ä‘á»“ Äƒn lÃªn cÅ©ng nhanh khÃ´ng quÃ¡ lÃ¢u.
GiÃ¡: ráº¥t pháº£i chÄƒng",5
19,19,sushi,"Äi há»™i chá»£ gáº·p hÃ ng Sushi garden, m gá»i thá»­ sushi cuá»™n thanh cua 20k/cuá»™n nhá» xÃ­u, vÃ  khÃ´ng hÃ i lÃ²ng tÃ­ nÃ o.
Cháº¥t lÆ°á»£ng quÃ¡ tá»‡, vá»‹ ráº¥t nháº¡t, khÃ´ vÃ  cá»©ng, cá»‘ mÃ£i má»›i nuá»‘t háº¿t :((.",2
20,20,sushi,"Bá»n mÃ¬nh lÄ©nh lÆ°Æ¡ng xong lÃ  kÃ©o nhau ra Ä‘Ã¢y Äƒn. MÃ¬nh Äƒn sushi nÃ³i chung lÃ  cÅ©ng linh Ä‘á»™ng hÃ ng quÃ¡n chá»© khÃ´ng pháº£i cá»‘ Ä‘á»‹nh Äƒn sushi á»Ÿ 1 chá»—. ÄÃ¢y thÃ¬ lÃ  láº§n Ä‘áº§u thá»­ á»Ÿ sushi garden. CÃ³ 1 cÆ¡ sá»Ÿ á»Ÿ Nam Äá»“ng cháº¯c lÃ  má»›i quÃ¡ chÆ°a cÃ³ ai review nÃªn thÃ´i khÃ´ng Ä‘i, Ä‘i cÆ¡ sá»Ÿ á»Ÿ VÅ© Trá»ng Phá»¥ng hÆ¡i xa nhÃ  chÃºt. MÃ¬nh cÃ³ gá»i 2 set kia vÃ  1 Ä‘Ä©a má»±c chiÃªn xÃ¹. 1 set lÃ  khay Sushi Garden 4 lÃ  210k, lÃ  khay trÃ²n. CÃ²n Ä‘Ä©a mÃ u Ä‘en lÃ  set gunkan tá»•ng há»£p 90k. MÃ  set Ä‘Ã³ cÃ³ máº¥y miáº¿ng kiá»ƒu nhÃ¢n rau cá»§ Äƒn khÃ´ng ngon láº¯m. Sushi á»Ÿ Ä‘Ã¢y cÅ©ng ok, phÃª nháº¥t váº«n Ä‘Æ¡n giáº£n chá»‰ lÃ  miáº¿ng cÆ¡m cÃ¹ng lÃ¡t cÃ¡ há»“i. KhÃ´ng gian nhá», bÃ­.",3
21,21,sushi,"Äá»“ Äƒn ngon, khÃ´ng gian thoÃ¡ng. CÃ³ cÃ¡c set Äƒn ráº¥t phÃ¹ há»£p vÃ  Ä‘áº§y Ä‘á»§. GiÃ¡ cáº£ ráº¥t há»£p lÃ­. CÃ¡c báº¡n nhÃ¢n viÃªn ráº¥t nhiá»‡t tÃ¬nh. Bá»¯a Ä‘i Äƒn cÃ²n Ä‘Æ°á»£c táº·ng vocher giáº£m giÃ¡ 20% cho hoÃ¡ Ä‘Æ¡n láº§n sau ná»¯a chá»©. Ráº¥t thÃ­ch sáº½ á»§ng há»™ quÃ¡n dÃ i dÃ i",5
22,22,sushi,Sushi vá»«a cá»©ng vá»«a láº¡nh miáº¿ng cÃ¡ thÃ¬ má»ng dÃ­nh Ä‘á»c review tháº¥y khen ná»©c ná»Ÿ nÃªn ship vá» Äƒn thá»­ ai ngá» dá»Ÿ Æ¡i lÃ  dá»Ÿ cÆ¡m cuá»™n toÃ n dÆ°a chuá»™t vá»›i cÃ  rá»‘t thanh cua thÃ¬ bÃ© báº±ng mÃ³ng tay Ãºt rÃ£ cáº£ ra cÆ¡m thÃ¬ láº¡i gáº¡o khÃ´ng nhai Ä‘Æ°á»£c cÃ¡ thÃ¬ hÃ´i rÃ¬nh may quÃ¡ Äƒn mÃ  chÆ°a bá»‹ Ä‘i ngoÃ i :)),1
23,23,sushi,"Minh nghÄ© Ä‘á»“ Äƒn ok,ráº¥t há»£p vá»›i gia Ä‘Ã¬nh nhÃ  mÃ¬nh.",5
24,24,sushi,"Äáº·t hÃ ng trÃªn Now vÃ  hÆ¡n 1 tiáº¿ng sau má»›i cÃ³)) khÃ´ng biáº¿t lá»—i cá»§a bÃªn Now hay bÃªn nhÃ  hÃ ng chuáº©n bá»‹ lÃ¢u.
Äá»“ Äƒn Ä‘Æ°á»£c gÃ³i trong há»™p Ä‘en cÃ³ in sakura khÃ¡ xinh, Ä‘Ã³ng gÃ³i cáº©n tháº­n, kÃ¨m Ä‘áº¿n 6 há»™p sá»‘t (mÃ¹ táº¡t, sá»‘t ngá»t, xÃ¬ dáº§u, má»—i loáº¡i 2 há»™p).
1. Set sushi garden 1 - 299k
Set khÃ¡ Ä‘áº§y Ä‘áº·n nhÆ° hÃ¬nh! Äiá»u Ä‘áº·c biá»‡t lÃ  miáº¿ng sushi ráº¥t dáº§y, ko bÃ© nhÆ° nhá»¯ng chá»— khÃ¡c (váº«n vá»«a miá»‡ng). Sushi trá»©ng cÃ¡ Äƒn Ä‘áº­m Ä‘Ã , sá»“n sá»™t âœŒï¸ cÃ¡ sá»‘ng Äƒn khÃ¡ tÆ°Æ¡i vÃ  ngá»t. Sushi cÃ¡ há»“i phÃ´ mai thÃ¬ vá»‹ cá»§a phomai chua chua ngáº­y Äƒn hÆ¡i dá»‹ vÃ  láº¡c quáº». 
CÃ¡c sushi cÃ²n láº¡i: thanh cua, lÆ°Æ¡n nÆ°á»›ng, tÃ´m, trá»©ng Ä‘á»u cÃ³ cÆ¡m Ä‘Æ°á»£c rÆ°á»›i 1 lá»›p nÆ°á»›c sá»‘t (vá»‹ giá»‘ng teriyaki) trÆ°á»›c khi phá»§ thá»‹t lÃªn, thÃ nh ra vá»‹ khÃ¡ giá»‘ng nhau vÃ  Ä‘á»u hÆ¡i máº·n â˜¹ï¸
Sushi á»Ÿ Ä‘Ã¢y ko nÃªn cháº¥m thÃªm nÆ°á»›c sá»‘t gÃ¬ (cÃ³ thá»ƒ cháº¥m mÃ¹ táº¡t) vÃ¬ Ä‘á»u Ä‘áº­m Ä‘Ã  rá»“i.
2. BÃ² cuá»‘n náº¥m kim - 75k
Hiu hiu bÃ² khÃ´ng bá»‹ hÃ´i, nhÆ°ng mÃ  siÃªu Ä‘áº­m luÃ´n vÃ¬ ngáº¥m Ä‘á»‘ng sá»‘t (sá»‘t nÆ°á»›ng vá»‹ quen thuá»™c khi Äƒn nÆ°á»›ng Nháº­t).
3. BÃ¡nh hÃ¡ cáº£o Gyoza - 55k
Vá» bÃ¡nh bá»‹ nÃ¡t, Äƒn hÆ¡i bá»Ÿ. NhÃ¢n bÃ¡nh khÃ¡ ngon nhÆ°ng mÃ  Äƒn khÃ¡c háº³n vá»‹ á»Ÿ cÃ¡i quÃ¡n ramen trong Vincom Nguyá»…n ChÃ­ Thanh Ã½ :)) cháº£ biáº¿t quÃ¡n nÃ o má»›i giá»‘ng vá»‹ Nháº­t hÆ¡n ğŸ¤£

Tá»•ng káº¿t: giÃ¡ cáº£ ok, Ä‘á»“ Äƒn tÆ°Æ¡i ngon cháº¥t lÆ°á»£ng Ä‘Æ°á»£c, trá»« viá»‡c mÃ¬nh cáº£m tháº¥y má»i thá»© Ä‘á»u hÆ¡i Ä‘áº­m.",3
25,25,sushi,"Má»i thá»© Ä‘á»u bÃ¬nh thÆ°á»ng, quÃ¡n dá»… tÃ¬m, giÃ¡ cáº£ cÅ©ng oke vá»›i sinh viÃªn nhÆ° mÃ¬nh ğŸ‘Œ nhÃ¢n viÃªn ráº¥t lá»… phÃ©p",3
26,26,sushi,"GÃ  nÃ³i tháº­t lÃ  nÃ³ máº·n... nÃ³ máº·n nhÆ° vá»‹ nÆ°á»›c biá»ƒn mÃ  khÃ´ng cÃ²n hÆ¡n cáº£ tháº¿ @@ chÆ°a bao giá» Äƒn mÃ³n gÃ  chua ngá»t nÃ o mÃ  chá»‰ cÃ³ vá»‹ máº·n lÃ  máº·n @@
BÃ¡nh korokke táº¡m Ä‘Æ°á»£c thÃ´i. ToÃ n khoai. K tháº¥y nhÃ¢n Ä‘Ã¢u. CÃ³ mÃ¹i vá»‹ cÃ  ri klq láº¯m.
Canh miso thÃ¬ á»•n. Canh lÃ  thá»© ngon nháº¥t khi mua vá» 
Haizzzz",2
27,27,sushi,"MÃ³n Äƒn tÆ°Æ¡i ngon, giÃ¡ cáº£ ráº¥t viá»‡t. MÃ¬nh Ä‘i 3 ngÆ°á»i mÃ  Äƒn háº¿t cÃ³ 328k. Gá»i theo khay trÃ²n vá»«a ráº» vá»«a Ä‘áº¹p. Äá»‹a Ä‘iá»ƒm Ä‘Ã¡ng Äƒn.",5
28,28,sushi,MÃ¬nh gá»i sasimi cÃ¡ há»“i vÃ  cÃ¡ trÃ­ch Ã©p trá»©ng nhÆ°ng cÃ¡ há»“i ko tÆ°Æ¡i vÃ  cÃ¡ trÃ­ch thÃ¬ quÃ¡ tanh. NÆ°á»›c tÆ°Æ¡ng láº¡t. Ko cÃ³ gÃ¬ Ä‘áº·c biá»‡t,1
29,29,sushi,TrÃªn áº£nh pháº§n cÆ¡m bento cÃ³ thÃªm 1 miáº¿ng cÆ¡m cÃ¡ há»“i vÃ  cÆ¡m lÆ°Æ¡n. NhÆ°ng ship Ä‘áº¿n láº¡i lÃ  trá»©ng vÃ  thanh cua. KhÃ¡c gi treo Ä‘áº§u dÃª bÃ¡n thá»‹t chÃ³.,2
30,30,sushi,"Äá»“ nháº­t nhÆ°ng giÃ¡ khÃ¡ Ok,cháº¥t lÆ°á»£ng thÃ¬ tuyá»‡t",5
31,31,sushi,MÃ¬nh Ä‘i 2 ngÆ°á»i nhÆ°ng gá»i háº³n set M5 :)) nÃªn ráº¥t nhiá»u. MÃ¬nh nghÄ© set nÃ y rÆ¡i vÃ o táº§m 4 ngÆ°á»i Äƒn má»›i Ä‘Ãºng :)) NhÆ°ng mÃ  mÃ¬nh tháº¥y Ä‘á»“ Äƒn khÃ´ng cÃ³ gÃ¬ quÃ¡ Ä‘áº·c sáº¯c. Set nÃ y 500k nchung lÃ  táº¡m á»•n. MÃ¬nh cÃ³ Ä‘iá»ƒm cá»™ng vá» khÃ´ng gian. ThoÃ¡ng mÃ¡t vÃ  thoáº£i mÃ¡i 2 táº§ng tuy táº§ng Ä‘áº§u nhÃ¬n cÃ³ váº» hÆ¡i tá»‘i. Báº£n thÃ¢n mÃ¬nh thÃ¬ tháº¥y sushi á»Ÿ Ä‘Ã¢y cÃ³ pháº§n khÃ´ng ngon nhÆ° á»Ÿ let's sushi mÃ¬nh Ä‘Ã£ Äƒn trÆ°á»›c Ä‘Ã¢y. VÃ  Ä‘á»“ Äƒn á»Ÿ Ä‘Ã¢y cÃ³ pháº§n hÆ¡i máº·n nÆ°á»›c cháº¥m cÅ©ng khÃ´ng quÃ¡ ngon.,3
32,32,sushi,Äá»“ pháº£i nÃ³i lÃ  cá»±c ngon. Nghiá»‡n sushi á»Ÿ Ä‘Ã¢y. Cháº¥t lÆ°á»£ng phá»¥c vá»¥ táº­n tÃ¬nh. Má»Ÿ thang mÃ¡y vÃ  Ä‘Æ°a khÃ¡ch lÃªn táº§ng chu Ä‘Ã¡o. Sáº½ cÃ²n quay láº¡i :))),5
33,33,sushi,MÃ¬nh cÃ³ 1 sá»‘ gÃ³p Ã½ nhá» tháº¿ nÃ y Ä‘á»“ Äƒn ngon nhÆ°ng hÃ¬nh hÃ´m Ä‘Ã³ Ä‘Ã´ng khÃ¡ch nÃªn Ä‘á»“ ra hÆ¡i lÃ¢u nhÆ°ng bÃ¹ láº¡i nháº­n viÃªn nhiá»‡t tÃ¬nh nÃªn cÅ©ng cháº¥p nháº­n Ä‘Æ°á»£c,4
34,34,sushi,"Äá»“ Äƒn ngon,trÃ¬nh bÃ y Ä‘áº¹p sáº½ quay láº¡i",5
35,35,sushi,"Äá»“ Äƒn nhÆ° mÃ¬nh cáº£m nháº­n khÃ¡ lÃ  ngon qua hai láº§n Äƒn,nhÆ°ng má»›i gá»i cÃ¡c set nÃªn cÅ©ng chÆ°a biáº¿t cÃ¡c mÃ³n khÃ¡c tháº¿ nÃ o",4
36,36,sushi,"Sushi máº·n,wasabi bá»‹ khÃ´,k ngon.láº©u 250k nháº¡t nháº½o toÃ n rau Ä‘Æ°á»£c vÃ i miáº¿ng thá»‹t lá»£n.NÃ³i chung lÃ  k quay láº¡i",2
37,37,sushi,"HÃ´m trÆ°á»›c cÃ³ gá»i ship vá» nhÃ  Äƒn ngÃ y mÆ°a giÃ³, mÃ¬nh cÅ©ng cÃ³ Ä‘Ã´i lá»i nÃ³i vá» quÃ¡n
- Äá»“ Äƒn khÃ¡ lÃ  tÆ°Æ¡i
-sushi cuá»™n cháº¯c tay Äƒn vá»«a miá»‡ng ( má»—i tá»™i sushi chiÃªn cÃ³ hÆ¡i Ã­t bá»™t chiÃªn, mk láº¡i thÃ­ch Äƒn nhiá»u bá»™t chiÃªn )
-BÃ² cuá»‘n nhÃ¬n ngoÃ i thÃ¬ má»m cáº¯n Äƒn khÃ¡ lÃ  giÃ²n nÆ°á»›c cháº¥m ngon
ChÆ°a Ä‘áº¿n quÃ¡n láº§n nÃ o nÃªn chÆ°a biáº¿t ko gian nhÆ° nÃ o, cháº¯c sáº½ Ä‘áº¿n quÃ¡n Äƒn láº§n ná»¯a.",4
38,38,sushi,"Äá»“ Äƒn á»•n, khÃ¡ lÃ  tÆ°Æ¡i, há»™p Ä‘áº¹p, kÃ­n
Má»—i tá»™i khÃ´ng hiá»ƒu sao Äƒn sushi mÃ  cÃ¡c báº¡n láº¡i cÃ³ thÃªm nÆ°á»›c cháº¥m ketchup + mayonnaise ğŸ¤£ giá»‘ng kiá»ƒu Äƒn kimbab Ã½, mÃ¬nh Ä‘oÃ¡n lÃ  nhiá»u khÃ¡ch há»i nÃªn lÃ  auto cho luÃ´n khÃ¡ch, cÅ©ng dá»… thÆ°Æ¡ng ğŸ˜‹
Bá»¯a mÃ¬nh gá»i cÃ³ mÃ£ nÃªn khÃ¡ á»•n, chÆ°a Ä‘Æ°á»£c tá»›i quÃ¡n nÃªn ko biáº¿t ko gian tháº¿ nÃ o",3
39,39,sushi,"âš–ï¸ÄIá»‚M TRá»ª: 

 - NÆ°á»›c sá»‘t Ä‘á»ƒ cháº¥m ngá»t & chua quÃ¡ gáº¯t.
NÆ°á»›c tÆ°Æ¡ng ráº¥t máº·n, mÃ¹ táº¡t xanh cho vÃ o cÅ©ng nhÆ° ko, ko cay ko thÆ¡m gÃ¬ cáº£.
- MÃ¬nh gá»i cáº£ Gunkan, sushi, nigiri Äƒn Ä‘á»u bt. CÆ¡m Ä‘á»ƒ cuá»‘n ko khÃ¡c gÃ¬ cÆ¡m gáº¡o táº» vÄƒn phÃ²ng.
- Äiá»ƒm cá»™ng láº¡i lÃ  á»Ÿ bÃ¡t canh Miso 10k ráº» tiá»n nháº¥t.

âš’ ChÆ°a ká»ƒ báº¡n shipper Ã´m Ä‘á»“m cÃ¡c Ä‘Æ¡n giao cáº©u tháº£ tháº¿ nÃ o vá» má»Ÿ ra cÃ¡c miáº¿ng cÆ¡m cuá»™n dÃ­nh nhÃ¢n ná» vá»›i nhÃ¢n kia vÃ o nhau.",2
40,40,sushi,"Láº§n Ä‘áº§u gá»i thá»­ quÃ¡n nÃ y, káº¿t quáº£ khÃ¡ hÃ i lÃ²ng. Há»™p Ä‘á»±ng gá»n gÃ ng, lá»‹ch sá»±, nÆ°á»›c cháº¥m vÃ  mÃ³n Äƒn kÃ¨m Ä‘áº§y Ä‘á»§. CÃ¡c miáº¿ng cuá»‘n cháº¯c tay, Ä‘áº¹p máº¯t, nÃªm náº¿m vá»«a miá»‡ng. Cháº¯c cháº¯n sáº½ láº§n sau sáº½ quay láº¡i tiáº¿p.",4
41,41,sushi,"HÃ´m vá»«a rá»“i trÃªn App Now cÃ³ code 50% nÃªn pháº£i chá»n ngay mÃ³n iu thÃ­ch lÃ  sushi . Táº¥t cáº£ chá»— nÃ y cáº£ ship má»›i cÃ³ tá»•ng thiá»‡t háº¡i 100k ğŸ˜‚ quÃ¡ lÃ  há»i Äƒn no lÃ²i máº¯t 
Äá»“ take away á»Ÿ Ä‘Ã¢y Ä‘Ã³ng gÃ³i ko quÃ¡ cáº§u kÃ¬ nhÆ°ng sáº¡ch sáº½ , nhÃ¬n Ä‘Æ°á»£c thá»©c Äƒn bá»Ÿi báº£n thÃ¢n sushi vá»‘n Ä‘Ã£ mÃ u sáº¯c vÃ  báº¯t máº¯t rá»“i ( qtrong lÃ  ko bá»‹ Ä‘á»• nÆ°á»›c cháº¥m ) 
Kbiet cÃ³ pháº£i do trá»i nÃ³ng ko nhÆ°ng lÃºc mang vá» cÆ¡m mÃ¬nh Äƒn váº«n cÃ²n hÆ¡i áº¥m , cáº£m giÃ¡c Ä‘á»“ má»›i lÃ m ráº¥t tÆ°Æ¡i , nhiá»u chá»— cÆ¡m sushi Äƒn háº¡t cÆ¡m nhÆ° Ä‘á»“ Ä‘á»ƒ tá»§ láº¡nh . Salad trong combo thÃ´i nhÆ°ng cÅ©ng ok láº¯m . 
Sushi nÃªm vá»«a cÆ¡m k quÃ¡ chua , nhÃ¢n Ä‘áº§y Ä‘áº·n , ráº¥t vá»«a miá»‡ng . CÃ³ nhiá»u combo vÃ  mÃ³n Ä‘á»ƒ lá»±a chá»n . MÃ¬nh gá»i set double vÃ  1 sushi láº» . ChÆ°a ra quÃ¡n Äƒn trá»±c tiáº¿p nÃªn chÆ°a cÃ³ nháº­n xÃ©t vá» ko gian quÃ¡n . NhÆ°ng take away thÃ¬ highly recommend nhaa.",3
42,42,sushi,"HÃ´m nay mÃ¬nh Ä‘áº·t trÃªn Deli vÃ¬ cÃ³ mÃ£ giáº£m giÃ¡ 50% nÃªn lÃ  giÃ¡ cáº£ Ä‘á»“ Äƒn quÃ¡ ráº» dÃ nh cho nhá»¯ng báº¡n muá»‘n thá»­ sushi bÃ¬nh dÃ¢n. MÃ¬nh Ä‘áº·t má»™t suáº¥t cÆ¡m cuá»™n bÃ² nÆ°á»›ng vÃ  bento thÄƒn lá»£n chiÃªn, táº¥t cáº£ háº¿t hÆ¡n 100k cÃ³ mÃ£ thÃ¬ cÃ²n 56k. ÄÃ¢y lÃ  láº§n Ä‘áº§u tiÃªn Ä‘áº·t Ä‘á»“ Äƒn cá»§a cá»­a hÃ ng sushi vá» mÃ  chá»‰ sá»£ lÃºc mang vá» Ä‘á»“ Äƒn nguá»™i hoáº·c lÃ  khÃ´ng Ä‘Æ°á»£c nhÆ° mong muá»‘n. NhÆ°ng mÃ  cháº¥t lÆ°á»£ng Ä‘á»“ Äƒn ráº¥t tuyá»‡t vÃ  Ä‘áº§y Ä‘á»§ nhÃ©. CÆ¡m cuá»™n bÃ² nÆ°á»›ng Ä‘áº·t vá» váº«n nÃ³ng,cÃ³ cáº£ hai loáº¡i sá»‘t, cuá»™n cÆ¡m cháº·t, thá»‹t bÃ² thÆ¡m bÃ©o vÃ  khÃ´ng bá»‹ ngÃ¡n. Gá»i thÃªm cáº£ bento thÃ¬ cÆ¡m á»Ÿ Ä‘Ã¢y dáº»o, thÆ¡m, cÃ³ cáº£ salad nhá» Äƒn cx táº¡m Ä‘Æ°á»£c, thá»‹t thÃ¬ mang vá» Æ¡i á»‰u tÃ­ nhÆ°ng mÃ  cÃ³ thÃªm sá»‘t cháº¥m khÃ¡ ngon. NgÃ y trc Äƒn sushi chá»‰ dÃ¡m Äƒn táº¡i cá»­a hÃ ng thÃ´i chá»© mang vá» cá»© sá»£ sá»£ tháº¿ nÃ o Ã½, cÃ²n bh thÃ¬ thay Ä‘á»•i Ã½ Ä‘á»‹nh rá»“i :)) Ä‘áº·t mang vá» váº«n ngon nhÃ¡. Highly recommend! Hai ngÆ°á»i Äƒn suáº¥t nÃ y váº«n no nhÃ© vÃ¬ pháº§n cÆ¡m cuá»™n to tháº­t",5
43,43,sushi,"Cáº£m Æ¡n nhÃ  hÃ ng Sushi Garden nhiá»u,mÃ¬nh Ä‘Ã£ khÃ´ng sai khi quyáº¿t Ä‘á»‹nh cÃ¹ng nhÃ³m báº¡n Ä‘áº¿n Ä‘Ã¢y tá»• chá»©c liÃªn hoan,cÃ¡c báº¡n Ä‘Ã£ chuáº©n bá»‹ Ä‘á»“ ráº¥t chu Ä‘Ã¡o trÆ°á»›c khi bá»n mÃ¬nh Ä‘áº¿n,mÃ¬nh Ä‘Ã¡nh gia cao vá» cÃ¡ch phá»¥c vá»¥ cá»§a cÃ¡c báº¡n <3
Äá»“ Äƒn mÃ¬nh tháº¥y ráº¥t ngon,thanh mÃ¡t há»£p kháº©u vá»‹ vá»›i nhÃ³m mÃ¬nh.
Sáº½ cÃ²n quay láº¡i!",5
44,44,sushi,"MÃ¬nh sinh nháº­t nÃªn Ä‘Æ°a máº¥y ngÆ°á»i báº¡n vÃ o Ä‘Ã¢y Äƒn, Ä‘á»“ Äƒn tÆ°Æ¡i ngon, nÆ°á»›c cháº¥m mayonaise chuáº©n Nháº­t, giÃ¡ cáº£ pháº£i chÄƒng trÃªn dÆ°á»›i 100k/ngÆ°á»i lÃ  ok. NhÃ¢n viÃªn phá»¥c vá»¥ nhiá»‡t tÃ¬nh. Sáº½ quay láº¡i Äƒn tiáº¿p.",5
45,45,sushi,"MÃ¬nh Ä‘i Äƒn 1 mÃ¬nh, gá»i 1 set gunkan vÃ  1 set nigiri. Set gunkan khÃ´ng ngon vÃ¬ khÃ´ng Ä‘Ãºng vá»‹, pháº§n nhÃ¢n Ä‘á»u bá»‹ máº·n. Set nigiri ráº¥t bÃ©, má»—i miáº¿ng chá»‰ báº±ng 1/2 miáº¿ng nigiri mÃ¬nh Äƒn á»Ÿ Street Sushi. Nigiri cÃ¡ há»“i khÃ´ng lÃ m báº±ng fillet cÃ¡ há»“i, mÃ  dÃ¹ng pháº§n thá»‹t cÃ¡ nháº¡t mÃ u á»Ÿ sÃ¡t da. Pháº§n gáº¡o cÅ©ng khÃ´ng Ä‘Ãºng vá»‹ ná»‘t, nháº¡t, bá»Ÿ chá»© khÃ´ng dáº»o.
MÃ¬nh nghiá»‡n wasabi, nhÆ°ng khi xin thÃªm, nhÃ¢n viÃªn quÃ¡n mang cho mÃ¬nh loáº¡i wasabi lá»ng trong cÃ¡c tuÃ½p cá»§a Trung Quá»‘c thÆ°á»ng bÃ¡n sáºµn, chá»© khÃ´ng pháº£i loáº¡i wasabi mÃ i nhÆ° bÃ¬nh thÆ°á»ng. XÃ¬ dáº§u cháº¥m thÃ¬ ráº¥t máº·n.
Láº¡i quay vá» trung thÃ nh vá»›i Street Sushi thÃ´i, cÃ¡ch hÆ¡i xa nhÆ°ng xá»©ng Ä‘Ã¡ng.",1
46,46,sushi,ÄÃ£ Äƒn mÃ  quÃªn chá»¥p hÃ¬nh ğŸ˜‚ğŸ˜‚ğŸ˜‚ nÃ³i chung háº¿t 240k mÃ  Äƒn no cá»©ng bá»¥ng cáº£ Ä‘á»“ uá»‘ng. Duyá»‡t má»—i tá»™i quÃ¡n dá»… Ä‘i quÃ¡ lÃªn vá»‹ trÃ­ cáº¡nh Ä‘Æ°á»ng,4
47,47,sushi,"ÄÃ¢y lÃ  láº§n Ä‘áº§u mÃ¬nh order tá»« quÃ¡n nÃ y, vÃ¬ ngÃ y nÃ o cÅ©ng tháº¥y quáº£ng cÃ¡o trÃªn FB vÃ  lÃªn cÆ¡n thÃ¨m sushi. 

VÃ¬ mÃ¬nh khÃ´ng tá»›i quÃ¡n nÃªn áº¥n tÆ°á»£ng Ä‘áº§u tiÃªn sau khi nháº­n sushi lÃ  khÃ´ng giá»‘ng quáº£ng cÃ¡o. Trong bÃ i post quáº£ng cÃ¡o mÃ  mÃ¬nh tháº¥y thÃ¬ set mÃ¬nh order cÃ³ 14 miáº¿ng roll mÃ  lÃºc nháº­n chá»‰ tháº¥y cÃ³ 10. Inbox há»i thÃ¬ Ä‘Æ°á»£c tráº£ lá»i lÃ  quáº£ng cÃ¡o sai (?!). Váº«n biáº¿t lÃ  ai cÅ©ng cÃ³ lÃºc sai mÃ  cáº£m giÃ¡c cháº³ng khÃ¡c gÃ¬ bá»‹ lá»«a cáº£.

Sushi vá»‹ khÃ´ng tá»‡, dÃ¹ miáº¿ng nhá» hÆ¡n cÃ¡c quÃ¡n khÃ¡c khÃ¡ nhiá»u, bÃ¹ láº¡i 1 set cÃ³ nhiá»u nÆ°á»›c cháº¥m ğŸ¤£ CÃ¡c miáº¿ng nigiri khÃ¡ rá»i ráº¡c, ká»ƒ cáº£ miáº¿ng cÃ³ rong biá»ƒn thÃ¬ rong biá»ƒn cÅ©ng Ä‘á»©t luÃ´n khi cháº¡m Ä‘Å©a vÃ o.

Sau láº§m nÃ y thÃ¬ mÃ¬nh thÃ  Ä‘i xa tá»›i quÃ¡n ngon Ä‘á»ƒ Äƒn cÃ²n hÆ¡n.",2
48,48,sushi,"So vá»›i cÃ¡c nhÃ  hÃ ng Nháº­t khÃ¡c thÃ¬ quÃ¡n nÃ y mÃ¬nh Ä‘Ã¡nh giÃ¡ lÃ  Ä‘áº¯t vÃ  k ngon báº±ng. ÄÆ°Æ¡ng nhiÃªn thÃ¬ cÅ©ng k pháº£i á»Ÿ má»©c tá»‡. Vá» bÃ i trÃ­ thÃ¬ Ä‘áº¹p máº¯t vÃ  sáº¡ch sáº½. CÃ¡c mÃ³n Ä‘áº·c trÆ°ng váº«n lÃ  sushi, cÆ¡m cuá»™n nhÆ°ng khi Äƒn vá»‹ khÃ´ng Ä‘Æ°á»£c Ä‘Ã£ cho láº¯m nhÆ°ng vá» cÆ¡ báº£n thÃ¬ cháº¥t lÆ°á»£ng váº«n á»Ÿ má»©c táº§m trung.
NhÃ¢n viÃªn nhiá»‡t tÃ¬nh vÃ  lá»‹ch sá»±",4
49,49,sushi,"Chá»§ nháº­t Ä‘áº¿n quÃ¡n Äƒn táº§m 7h30. QuÃ¡n khÃ¡ váº¯ng váº» nhÆ°ng mÃ¬nh váº«n lá»±a chá»n ngá»“i phÃ²ng riÃªng. Sashimi ngon khá»i bÃ n, cÆ¡m cuá»™n mÃ¬nh chá»n set tá»•ng há»£p ngon tuy nhiÃªn cÆ¡m hÆ¡i ngá»t. Do Äƒn trÆ°a muá»™n nÃªn mÃ¬nh chá»‰ gá»i hai set nhÆ°ng váº«n bá»‹ quÃ¡ no. 
GiÃ¡ hÆ¡n 1 tr/ 2 ngÆ°á»i.",3
50,50,sushi,"HÃ´m trÆ°á»›c mÃ¬nh vÃ  báº¡n gÃ¡i vá»«a sang cÆ¡ sá»Ÿ Trung HÃ²a NhÃ¢n chÃ­nh Äƒn thá»­ set giáº£m 40% k nhá»› tÃªn gá»i lÃ  gÃ¬. Sushi vÃ  sashimi khÃ¡ tÆ°Æ¡i vÃ  ngon, ngoÃ i sushi thÃ¬ cÃ²n 1 vÃ i mÃ³n Nháº­t kiá»ƒu bÃ¡nh xÃ¨o, cÃ¡ nÆ°á»›ng vá»›i má»³ Udon. Vá»›i 250k/ngÆ°á»i thÃ¬ nhÆ° váº­y lÃ  khÃ¡ á»•n.
Link cho nhá»¯ng ai cáº§n:
https://www.akaari.vn/blogs/uu-dai-tai-nha-hang-nhat-ban-akaari/giam-gia-40-combo-omakase-tai-akaari-2",5
51,51,sushi,"Kiáº¿n Ä‘á» lÃ  nhÃ  hÃ ng cÃ³ lÃºc mÃ¬nh tháº¥y thÃ­ch cÃ³ lÃºc láº¡i khÃ´ng, cÆ¡ mÃ  vÃ¬ gáº§n nhÃ  vÃ  nghiá»‡n 1 sá»‘ mÃ³n khÃ¡ Ä‘áº·c biá»‡t nhÆ° báº¡ch tuá»™c sá»‘ng vá»›i mÃ¹ táº¡t nÃªn nhÃ  mÃ¬nh váº«n qua Ä‘Ã¢y Äƒn khi cÃ³ dá»‹p
_ QuÃ¡n náº±m trong khu trung hÃ²a nc_ nguyá»…n thá»‹ Ä‘á»‹nh, khÃ´ng pháº£i á»Ÿ Ä‘Æ°á»ng chÃ­nh Ä‘Ã¢u cÆ¡ mÃ  xe Ä‘áº­u thoáº£i mÃ¡i nha.
_ KhÃ´ng gian quÃ¡n, cÃ³ thá»i lÃ¢u lÃ¢u mÃ¬nh Ä‘áº¿n thÃ¬ tháº¥y Ä‘Ã¡ng yÃªu cá»±c Ã½, cÃ³ chá»— xÃ¢y tá»§ be bÃ© sau gháº¿ Ä‘áº§y truyá»‡n kiá»ƒu doreamon vÃ  táº¡p chÃ­ nháº­t,ko bt táº£ ntn nhÆ°ng mÃ  áº¥m cÃºng Ä‘Ã¡ng yÃªu. Sau nÃ y thÃ¬ quÃ¡n láº¡i hÆ¡i hÆ¡i tá»‘i, ko bt do thiáº¿t káº¿ ntn, nÃªn thÆ°á»ng pháº£i chá»n chá»— náº¿u quen Äƒn chá»— sÃ¡ng sá»§a 1 chÃºt.
_ Äáº¿n pháº§n Ä‘á»“ Äƒn nhÃ©, pháº£i nÃ³i mÃ¬nh Ä‘áº¿n khÃ¡ nhiá»u láº§n nhma ko pháº£i lÃºc nÃ o cháº¥t lÆ°á»£ng cÅ©ng Ä‘Æ°á»£c nhÆ° nhau, nhma nhÃ¬n chung Ä‘á»“ á»•n. Äá»“ sá»‘ng kiá»ƒu cÃ¡ há»“i cÃ¡ ngá»« sÃ² Ä‘á»,... mÃ¬nh ko tháº¥y gÃ¬ Ä‘áº·c biá»‡t ná»¯a nhma Ä‘Æ°á»£c mÃ³n Ä‘áº·c sáº¯c vÃ­ dá»¥ báº¡ch tuá»™c sá»‘ng vá»›i mÃ¹ táº¡t ráº¥t ngon Ã½ ;_;. Máº¥y mÃ³n phá»¥ cÃ³ má»³ udon bÃ² á»•n, tempura cÅ©ng á»•n nhma nÃªn gá»i thÃªm sá»‘t teriyaki chá»© sá»‘t ngta cho bth cá»© nháº¡t nháº¡t. CÃ³ má»™t vÃ i mÃ³n cÆ¡m trá»™n vs cÃ¡ há»“i cháº£ háº¡n khÃ¡ ngon. Tuy nhiÃªn láº¡i cÃ³ vÃ i mÃ³n ko á»•n Ä‘á»‹nh kiá»ƒu sá»¥n gÃ ,vÃ  Ä‘á»«ng gá»i máº¥y mÃ³n kiá»ƒu má»³ cay hÃ n gÃ¬ Ä‘Ã³ ...
Ã€ cÃ³ 1 thá»© mÃ¬nh thÃ­ch á»Ÿ Ä‘Ã¢y lÃ  kem trÃ  xanhh, vá»‹ ngon Ä‘Ãºng chuáº©n.
_ GiÃ¡ nhÃ  mÃ¬nh Ä‘i 5 ng, Äƒn khÃ¡ nhiá»u, bá»‘ gá»i sake ná»¯a tÃ­nh ra khoáº£ng 3 tr 5 4tr nhma mÃ¬nh cÅ©ng tháº¥y khÃ¡ Ä‘Ã¡ng vÃ  dÃ¹ váº«n cÃ³ lÃºc ko tá»‘t, váº«n cÃ³ 1 sá»‘ mÃ³n nháº¥t Ä‘á»‹nh giá»¯ Ä‘c mÃ¬nh láº¡i.",4
52,52,sushi,"Äá»“ Äƒn: Cháº¥t lÆ°á»£ng Ä‘á»“ Äƒn thÃ¬ khÃ´ng cÃ³ gÃ¬ chÃª trÃ¡ch. Beefsteak dÃ¹ má»ng nhÆ°ng má»m má»ng nÆ°á»›c, ngá»t lá»‹m. NÆ°á»›c sá»‘t cháº¥m bÃ² ráº¥t vá»«a miá»‡ng. Thá»‹t gÃ  cÅ©ng ngon. Sashimi thÃ¬ ngon nháº¥t lÃ  cÃ¡ há»“i vÃ  bá»¥ng cÃ¡ ngá»«. Ä‚n miáº¿ng má»m tan trong miá»‡ng vÃ  thá»‹t cÃ¡ ráº¥t ngá»t. CÃ³ mÃ³n sÃºp gan cÃ¡ mÃ¬nh tháº¥y khÃ´ng cÃ³ gÃ¬ ná»•i báº­t láº¯m. CÆ¡m náº¯m cÃ¡ há»“i cÅ©ng tháº¿, hÆ¡i khÃ´ chÃºt. CÃ²n láº¡i thÃ¬ ráº¥t hÃ i lÃ²ng.

GiÃ¡ cáº£: Ráº¥t Ä‘áº¯t, khÃ´ng uá»‘ng rÆ°á»£u thÃ¬ giÃ¡ Ä‘á»¡ chÃ¡t hÆ¡n má»™t xÃ­u.

KhÃ´ng gian: CÃ³ cÃ¡c phÃ²ng riÃªng, phÃ¹ há»£p vá»›i ngÆ°á»i Äƒn muá»‘n yÃªn tÄ©nh hoáº·c cÃ³ nhu cáº§u tiáº¿p khÃ¡ch.

NhÃ¢n viÃªn: VÃ¬ nhÃ  hÃ ng cÃ³ nhiá»u khÃ¡ch nÆ°á»›c ngoÃ i nÃªn náº¿u cÃ¡c báº¡n nhÃ¢n viÃªn cÃ³ biáº¿t giao tiáº¿p tiáº¿ng Anh/Nháº­t thÃ¬ sáº½ tá»‘t hÆ¡n. NhÃ¢n viÃªn nhÃ  hÃ ng Ä‘á»u ráº¥t lá»‹ch sá»±, lá»… phÃ©p, khÃ´ng cÃ³ gÃ¬ Ä‘Ã¡ng phÃ n nÃ n.",3
53,53,sushi,"QuÃ¡n tÃªn akaari cÃ³ nghÄ©a lÃ  kiáº¿n Ä‘á» nhÆ°ng quÃ¡n khÃ´ng cÃ³ máº¥y mÃ u Ä‘á». ÄÃ¢y cÅ©ng xáº¿p vÃ o dáº¡ng quÃ¡n nháº­t sang cháº£nh cÃ³ cÃ¡c báº¡n phá»¥c vá»¥ máº·c yukata hoáº·c kimono ráº¥t Ä‘áº¹p.
Phá»¥c vá»¥ cÅ©ng ráº¥t chu Ä‘Ã¡o vÃ  nhiá»‡t tÃ¬nh
MÃ³n Äƒn Ä‘Æ°á»£c cÃ¡i Ä‘áº¹p, vÃ  Ä‘áº¯t nhÆ°ng hÆ°Æ¡ng vá»‹ bÃ¬nh thÆ°á»ng khÃ´ng cÃ³ gÃ¬ ná»•i trá»™i. QuÃ¡n nhiá»u mÃ³n nhÆ°ng ná»•i trá»™i cháº¯c lÃ  thá»‹t nÆ°á»›ng, táº©m Æ°á»›p khÃ¡ vá»«a miá»‡ng. CÆ¡m lÆ°Æ¡n á»Ÿ Ä‘Ã¢y cÅ©ng ngon, mÃ u sáº¯c rá»±c rá»¡ ngon máº¯t. KhÃ´ng gian xanh cÃ³ cÃ¢y cÃ³ nÆ°á»›c cÅ©ng khÃ¡ thÃ­ch há»£p Ä‘á»ƒ Äƒn thá»‹t",3
54,54,sushi,"VaÌ‚Ìƒn laÌ€ quaÌn gaÌ€ raÌn quen thuoÌ£Ì‚c cuÌ‰a tui nhuÌ›ng laÌ‚Ì€n naÌ€y Ä‘aÌ£Ì†t cho choÌ‚Ìƒ laÌ€m aÌ†n lieÌ‚n hoan vaÌ€ caÌi keÌ‚Ìt ai cuÌƒng meÌ‚ hehe ğŸ¤£
QuaÌn naÌ€y laÌ€ Dakgalbi oÌ›Ì‰ LaÌng HaÌ£. Set gaÌ€ miÌ€nh Ä‘aÌ£Ì†t goÌ‚Ì€m gaÌ€ nguyeÌ‚n con mix truyeÌ‚Ì€n thoÌ‚Ìng vaÌ€ soÌ‚Ìt cay ngoÌ£t HaÌ€n QuoÌ‚Ìc, xong soÌ›Ì£ thieÌ‚Ìu neÌ‚n laÌ£i Ä‘aÌ£Ì†t theÌ‚m 1 phaÌ‚Ì€n nuÌ›Ì‰a con mix soÌ‚Ìt cay ngoÌ£t vaÌ€ truyeÌ‚Ì€n thoÌ‚Ìng nuÌ›Ìƒa, toÌ‚Ì‰ng laÌ£i laÌ€ taÌ‚Ì€m 1 con ruÌ›oÌ›Ìƒi Ä‘oÌ.
GaÌ€ oÌ›Ì‰ Ä‘aÌ‚y vaÌ‚Ìƒn sieÌ‚u Ä‘iÌ‰nh. LoaÌ£i truyeÌ‚Ì€n thoÌ‚Ìng voÌ‰ chieÌ‚n gioÌ€n, khoÌ‚ng biÌ£ ngaÌ‚Ìm daÌ‚Ì€u, beÌ‚n trong meÌ‚Ì€m, khoÌ‚ng biÌ£ boÌ›Ì‰ cuÌƒng heÌ‚Ì€ biÌ£ ngaÌ‚Ìy nheÌ. CoÌ€n gaÌ€ soÌ‚Ìt thiÌ€ sieÌ‚u ngaÌ‚Ìm soÌ‚Ìt nhuÌ›ng phaÌ‚Ì€n boÌ£Ì‚t chieÌ‚n khoÌ‚ng iÌ‰u tiÌ naÌ€o. BoÌc da gaÌ€ ra beÌ‚n trong coÌ€n boÌ‚Ìc khoÌi, thiÌ£t gaÌ€ ngon, juicy meÌ‚ maÌ‚Ì‰n luoÌ‚n aÌ!!!
MiÌ€nh Ä‘aÌ£Ì†t ship qua app Now, phaÌ‚Ì€n nguyeÌ‚n con mix laÌ€ 240k, nuÌ›Ì‰a con mix laÌ€ 135k. ChoÌ‚Ìƒ naÌ€y hiÌ€nh nhuÌ› luÌc naÌ€o cuÌƒng sale treÌ‚n Now yÌ, moÌ£i nguÌ›oÌ›Ì€i cuÌ›Ì Ä‘aÌ£Ì†t laÌ€ coÌ gaÌ€ noÌng hoÌ‚Ì‰i ship Ä‘eÌ‚Ìn nhanh nhuÌ› moÌ£Ì‚t coÌ›n gioÌ.
ğŸ“Œ ÄiÌ£a Ä‘ieÌ‚Ì‰m: Dakgalbi - TieÌ£Ì‚m GaÌ€ RaÌn HaÌ€n QuoÌ‚Ìc - soÌ‚Ì 3 ngoÌƒ 87 LaÌng HaÌ£, ÄoÌ‚Ìng Äa, HaÌ€ NoÌ£Ì‚i.
ğŸ“Œ ThoÌ›Ì€i gian: 10:00-22:00",4
55,55,sushi,"Ngon,sá»‘t Æ°á»›p há»£p kháº©u vá»‹, order láº§n Ä‘áº§u Äƒn ráº¥t Æ°ng Ã½, 2 ngÆ°á»i Äƒn khÃ´ng háº¿t 1 pháº§n luÃ´n Ã½,láº§n sau sáº½ order tiáº¿p áº¡ .",4
56,56,sushi,"Tháº¥y tiá»‡m nÃ y Ä‘ang Ä‘Æ°á»£c quáº£ng cÃ¡o qua Now nÃªn chá»‹ em mÃ¬nh Ä‘áº·t vá» nhÃ  Äƒn trÆ°a thá»­ xem sao, cÅ©ng chÆ°a Äƒn á»Ÿ Ä‘Ã¢y bao giá». Bá»n mÃ¬nh order suáº¥t gÃ  ná»­a con mix truyá»n thá»‘ng vÃ  sá»‘t cay ngá»t HÃ n Quá»‘c. Äang Ä‘Æ°á»£c giáº£m nháº¹ trÃªn Now nhÃ©. MÃ¬nh thÃ¬ thÃ­ch sá»‘t cay ngá»t hÆ¡n. Ngon hÆ¡n mÃ  khÃ´ng bá»‹ quÃ¡ cay, khÃ´ng bá»‹ khÃ³ Äƒn Ä‘á»‘i vá»›i má»™t ngÆ°á»i thÃ­ch Äƒn cay nhÆ°ng khÃ´ng Äƒn Ä‘Æ°á»£c cay nhiá»u nhÆ° mÃ¬nh. GÃ  Ä‘áº¿n tay váº«n nÃ³ng há»•i, shipper Ä‘i khÃ¡ nhanh, cÅ©ng vÃ¬ tiá»‡m gáº§n chá»— nhÃ  mÃ¬nh nÃªn khÃ¡ tiá»‡n. ÄÃ³ng há»™p ráº¥t cáº©n tháº­n cÃ³ cho cáº£ gÄƒng tay âœ¨",4
57,57,sushi,"MÃ¬nh cÃ³ Ä‘áº·t suáº¥t nÃ y kÃ¨m phá»§ phomai vÃ  bÃ¡nh gáº¡o.
DÃ¹ ship xa nhÆ°ng gÃ  váº«n nÃ³ng giÃ²n, sá»‘t thÆ¡m.
CÃ³ 8 miáº¿ng Äƒn no láº¯m luÃ´n áº¡, sá»‘t phomai hÆ¡i Ã­t, bÃ¡nh gáº¡o Äƒn táº¡m",5
58,58,sushi,"- Vá» cháº¥t lÆ°á»£ng: mÃ¬nh gá»i 1 pháº§n ná»­a con gÃ  mix sá»‘t cay ngá»t vÃ  truyá»n thá»‘ng, giÃ¡ lÃ  110K Ä‘Æ°á»£c háº³n 8 miáº¿ng gÃ  luÃ´n, cÃ³ 1 Ä‘Ã¹i 1 cÃ¡nh cÃ²n láº¡i lÃ  lÆ°á»n. Pháº§n gÃ  sá»‘t cay ngá»t thá» ngon vÃ£i áº¥y, da gÃ  giÃ²n rá»¥m, cá»±c ngáº¥m sá»‘t luÃ´n, mÃ  sá»‘t thÃ¬ ngon huhu nháº¯c láº¡i thÃ¨m, bÃªn trong gÃ  chÃ­n má»m. GÃ  rÃ¡n truyá»n thá»‘ng thÃ¬ cÃ³ thÃªm 1 cá»‘c sá»‘t cháº¥m, sá»‘t cháº¥m cÅ©ng kiá»ƒu cay cay ngá»t ngá»t, ngoÃ i ra cÃ²n cÃ³ cá»§ cáº£i tráº¯ng Äƒn cho Ä‘á»¡ ngáº¥y nha.
- Vá» phá»¥c vá»¥: mÃ¬nh gá»i order trÃªn Now, ship khÃ¡ nhanh vÃ  Ä‘Ãºng giá».",4
59,59,sushi,"GÃ  rÃ¡n truyá»n thá»‘ng khÃ¡ ngon, sá»‘t cÅ©ng okila, gÃ  cay sá»‘t chua ngá»t thÃ¬ mÃ¬nh k há»£p láº¯m, ngá»t quad nÃªn aen hÆ¡i ngáº¥y! 
Tok pho mai thÃ¬ ráº¥t ngon áº¡! MÃ¬nh nhá» a shipper nhÃ©t vÃ´ cá»­a cho mÃ¬nh 15p sau má»›i xuá»‘ng láº¥y mÃ  cáº£ gÃ  láº«n tok váº«n nÃ³ng há»•i giÃ²n giÃ²n 
Tiá»‡m gÃ³i cáº©n tháº­n!",3
60,60,sushi,"GÃ  rÃ¡n cá»§a quÃ¡n ráº¥t ngon
ÄÃ¢y lÃ  2 pháº§n gÃ  rÃ¡n vÃ  gÃ  cay ngá»t
1 loáº¡i lÃ  trá»™n sáºµn sá»‘t, 1 loáº¡i thÃ¬ Ä‘á»ƒ riÃªng
Sá»‘t khÃ¡ Ä‘áº«m vÃ  ngon, vá»‹ chua cay ngá»t 
Há»™p gÃ  nhÃ¬n ráº¥t lá»‹ch sá»±
Äiá»ƒm cá»™ng lÃ  quÃ¡n bÃ¡n gÃ  theo miáº¿ng láº» nÃªn cÃ³ thá»ƒ chá»n theo Ã½ thÃ­ch",3
61,61,sushi,"Suáº¥t ná»­a con á»Ÿ Ä‘Ã¢y nhiá»u hÆ¡n háº³n cÃ¡c chá»— khÃ¡c, tá»•ng cá»™ng cÃ³ 8 miáº¿ng gÃ  to (1 Ä‘Ã¹i, 1 cÃ¡nh, ...). GÃ  bá»Ÿ, Ä‘áº«m sá»‘t nÃªn da ko Ä‘Æ°á»£c giÃ²n. Sá»‘t hÃ n quá»‘c vá»‹ cay, ngá»t, Äƒn á»•n nhÆ°ng nhiá»u quÃ¡ bá»‹ cay (vá»›i m), náº¿u cÃ³ option sá»‘t Ä‘á»ƒ riÃªng thÃ¬ tá»‘t. GÃ  Ä‘Æ°á»£c Ä‘á»ƒ trong há»™p giáº¥y, há»™p bÃ© mÃ  nhiá»u gÃ  nhiá»u sá»‘t nÃªn bá»‹ dÃ­nh nhoe nhoÃ©t háº¿t cáº£. QuÃ¡n cÃ³ kÃ¨m gÄƒng tay, cá»§ cáº£i.
1 suáº¥t sale off cÃ²n 117k, freeship. 2 ngÆ°á»i Äƒn lÃ  vá»«a.
Náº¿u cÃ³ gá»i láº¡i sáº½ thá»­ bÃ¡nh gáº¡o.",3
62,62,sushi,MÃ¬nh Ä‘áº·t gÃ  sá»‘t cay hq mÃ  sá»‘t ngá»t quÃ¡. Cá»© nhÆ° Äƒn káº¹o gÃ  :v. Hy vá»ng tiá»‡m giáº£m ngá»t xuá»‘ng Ä‘á»ƒ gÃ  cÃ³ vá»‹ hÆ¡n,2
63,63,sushi,"MÃ¬nh Ä‘áº·t á»Ÿ quÃ¡n máº¥y láº§n Ä‘á»u Æ°ng . sá»‘t ngon , cá»§ cáº£i muá»‘i ngon Ä‘áº·t suáº¥t ná»­a con 2 ngÆ°á»i Äƒn Ä‘á»§ . toÃ n Ä‘áº·t gÃ  truyá»n thá»‘ng khÃ¡ á»•n , sáº½ á»§ng há»™ quÃ¡n dÃ i . hqua mÆ°a a ship cÃ³ quÃªn chai coca nÃªn Äƒn ngÃ¡n quÃ¡ :( máº¥y b Ä‘áº·t nhá»› Ä‘áº·t nÆ°á»›c vá»›i them cá»§ cáº£i muá»‘i Äƒn Ä‘á»¡ ngÃ¡n",4
64,64,sushi,"HÃ´m nay mÃ¬nh Ä‘áº·t hÃ ng thÃ´ng qua Shopee Ä‘á»ƒ Ä‘Æ°á»£c giáº£m giÃ¡ ğŸ˜„ GÃ  Ä‘Æ°á»£c nhiá»u, mÃ u Ä‘áº¹p máº¯t, lÃºc mÃ¬nh Äƒn Ä‘Ã£ Ä‘á»ƒ má»™t lÃºc rá»“i mÃ  váº«n cÃ²n áº¥m. Má»Ÿ há»™p ra lÃ  ngá»­u tháº¥y mÃ¹i sá»‘t luÃ´n rá»“i ğŸ˜† Sá»‘t ngon, má»—i tá»™i thá»‹t gÃ  bá»‹ má»m vÃ  bá»Ÿ quÃ¡ ğŸ˜™ Cá»§ cáº£i Ä‘Ã­nh kÃ¨m nhá» nhá» xinh xinh, giÃ²n giÃ²n. NÃ³i chung lÃ  mÃ¬nh rate 4.5/5",5
65,65,sushi,"GÃ  nÃ³ng há»•i, sá»‘t Ä‘áº«m. Váº«n ngon nhÆ° ngÃ y nÃ o. Ko cÃ³ gÃ¬ Ä‘á»ƒ chÃª.",4
66,66,sushi,"Giá»›i thiá»‡u vá»›i má»i ngÆ°á»i má»™t quÃ¡n gÃ  rÃ¡n HÃ n Quá»‘c siÃªu Ä‘á»‰nh mÃ¬nh má»›i tÃ¬m Ä‘Æ°á»£c hÃ´m vá»«a rá»“i. Kiá»ƒu HÃ  Ná»™i máº¥y ngÃ y qua cá»© dá»Ÿ dá»Ÿ Æ°Æ¡ng Æ°Æ¡ng, lÃºc náº¯ng lÃºc mÆ°a Ã½, nÃªn mÃ¬nh quyáº¿t Ä‘á»‹nh order má»™t suáº¥t gÃ  rÃ¡n vá» Äƒn cho sÆ°á»›ng Ä‘á»i. Cháº³ng cÃ³ gÃ¬ thÃ­ch hÆ¡n lÃ  cáº¯n ngáº­p rÄƒng vÃ o miáº¿ng gÃ  nÃ³ng há»•i giá»¯a cÃ¡i láº¡nh láº¡nh cá»§a má»™t ngÃ y mÆ°a cáº£! Ã”i nghÄ© Ä‘áº¿n láº¡i thÃ¨m Ã­ hic hic ğŸ˜¢
MÃ¬nh Ä‘áº·t gÃ  qua Grab, cÅ©ng Ä‘áº·t bá»«a thÃ´i, khÃ´ng ngá» láº¡i ngon tháº¿. Cá»­a hÃ ng cÃ³ tÃªn lÃ  Dakgalbi - Tiá»‡m gÃ  rÃ¡n HÃ n Quá»‘c. Trong hÃ¬nh lÃ  gÃ  ná»­a con mix truyá»n thá»‘ng vÃ  sá»‘t cay ngá»t HÃ n Quá»‘c, mÃ¬nh gá»i thÃªm bÃ¡nh gáº¡o Ä‘á»ƒ Äƒn cÃ¹ng. Suáº¥t Äƒn cÃ³ má»™t há»™p cá»§ cáº£i muá»‘i, má»™t há»™p sá»‘t cay ngá»t, gÄƒng tay nilon vÃ  giáº¥y Äƒn Ä‘áº§y Ä‘á»§.
GÃ  siÃªu ngon luÃ´n Ã½. NÃ³ng há»•i, giÃ²n rá»¥m juicy Ä‘á»‰nh láº¯m. Pháº§n gÃ  sá»‘t ráº¥t ngáº¥m, sá»‘t cay cay ngá»t ngá»t thÃ­ch láº¯m, nhÆ°ng mÃ¬nh váº«n thÃ­ch cháº¥m thÃªm sá»‘t hÆ¡n. GÃ  rÃ¡n truyá»n thá»‘ng vá» ngoÃ i giÃ²n, bÃªn trong thá»‹t má»m, khÃ´ng bá»‹ ngáº¥m dáº§u hay bá»‹ mÃ¹i dáº§u gÃ¢y ngÃ¡n Ä‘Ã¢u, cháº¥m sá»‘t Äƒn phÃª dÃ£ man. 
Má»™t pháº§n ná»­a con nhÆ° tháº¿ nÃ y cÃ³ giÃ¡ 135k, hai ngÆ°á»i Äƒn lÃ  vá»«a nhÃ©.
ğŸ“Œ Äá»‹a Ä‘iá»ƒm: Dakgalbi - Tiá»‡m gÃ  rÃ¡n HÃ n Quá»‘c - sá»‘ 3 ngÃµ 87 LÃ¡ng Háº¡, Äá»‘ng Äa, HÃ  Ná»™i.
ğŸ“Œ GiÃ¡: 50k-130k",4
67,67,sushi,"Feedback cho quÃ¡n ngÃ y mÆ°a bÃ£o. Gá»i gÃ  Ä‘Ãºng lÃºc mÆ°a mÃ£i gáº§n 30p má»›i cÃ³ tÃ i xáº¿ nháº­n nhÆ°ng gÃ  ngon bÃµ cÃ´ng chá».
Æ¯u Ä‘iá»ƒm:
- gÃ  tá»›i nÆ¡i váº«n nÃ³ng, sá»‘t tháº¥m ngon ngá»t ngá»t, cay cay (2 ngÆ°á»i Äƒn ná»­a con thoáº£i mÃ¡i)
- há»™p sáº¡ch sáº½
- quÃ¡n cÃ²n cáº©n tháº­n cho cáº£ gÄƒng tay, giáº¥y Äƒn
NÃ³i chung ráº¥t Æ°ng Ã½. Sáº½ á»§ng há»™ dÃ i dÃ i",5
68,68,sushi,"GÃ  cÃ´ng nghiá»‡p nÃªn Äƒn ráº¥t nhÅ©n , sá»‘t ngon cÃ³ Ä‘á»ƒ kÃ¨m gÄƒng tay cho khÃ¡ch .
NÃ³i chung mÃ¬nh ko thÃ­ch cho láº¯m !!! Náº¿u cáº£i thiá»‡n cháº¥t lÆ°á»£ng thá»‹t gÃ  thÃ¬ cÃ³ láº½ sáº½ xem xÃ©t láº¡i.",2
69,69,sushi,"MÃ¬nh order á»Ÿ Ä‘Ã¢y 3-4 láº§n rá»“i, quÃ¡n Ä‘Ã³ng gÃ³i cáº©n tháº­n cÃ³ khÄƒn giáº¥y vá»›i gÄƒng tay cho má»—i Ä‘Æ¡n gÃ .
ÄÆ¡n gáº§n Ä‘Ã¢y nháº¥t mÃ¬nh Äƒn thÃ¬ gÃ  rÃ¡n má»m, á»Ÿ trong cÃ²n hÆ¡i sá»‘ng, lÃ m Äƒn xong mÃ¬nh bá»‹ Ä‘au bá»¥ng, Ä‘i ngoÃ i. Ráº¥t cáº§n cáº©n tháº­n, cháº¿ biáº¿n ká»¹ hÆ¡n.",3
70,70,sushi,"Láº¡i Äƒn gÃ  quÃ¡n má»™t láº§n ná»¯a :). Láº§n nÃ o Äƒn cÅ©ng ngon, giÃ²n, sá»‘t ráº¥t ngon. 
Láº§n nÃ y mÃ¬nh Ä‘áº·t thá»­ sá»‘t mÃ¹ táº¡t tháº¥y ngon hÆ¡n sá»‘t hÃ n quá»‘c ná»¯a, chua chua Äƒn ráº¥t vÃ o luÃ´n nhÃ©. 
Háº¹n quÃ¡n láº§n tá»›i, mong quÃ¡n tiáº¿p tá»¥c phÃ¡t huy sá»Ÿ trÆ°á»ng",4
71,71,sushi,"Äáº·t nhiá»u láº§n rá»“i láº§n nÃ o cÅ©ng ngon nÃ³ng há»•i
Láº§n nÃ y dÃ¹ng mÃ£ giáº£m 100k mÃ  Ä‘á»“ Äƒn váº«n ráº¥t ngon 
Tá»· Ä‘iá»ƒm ğŸ˜ğŸ˜ğŸ˜ğŸ˜ğŸ˜",5
72,72,sushi,"Äiá»ƒm cá»™ng : CÃ³ Ä‘á»ƒ kÃ¨m gÄƒng tay cho khÃ¡ch Äƒn , sá»‘t ngon
Äiá»ƒm trá»« : GÃ  khÃ´ng rÃ¡n kÄ©, bá»‹ má»m , Äƒn khÃ¡ nhÅ©n ( kiá»ƒu nhÆ° thá»‹ gÃ  cÃ´ng nghiá»‡p luá»™c ) rá»“i táº©m nÆ°á»›c sá»‘t lÃªn . 
Vá»›i giÃ¡ thÃ nh nhÆ° nÃ y thiáº¿t nghÄ© quan nÃªn cáº£i thiá»‡n láº¡i cháº¥t lÆ°á»£ng mÃ³n Äƒn thÃ¬ sáº½ Ä‘Ã´ng khÃ¡ch hÆ¡n",2
73,73,sushi,"Gá»i 1 con mix. Sá»‘t ngon, gÃ  ngá»t, ship 30â€™ Ä‘áº¿n váº«n nÃ³ng há»•i, má»m, Äƒn k háº¿t Ä‘á»ƒ Ä‘áº¿n hÃ´m sau Äƒn váº«n ngon. Shop cáº©n tháº­n cho cáº£ gÄƒng tay nilong. NhÆ°ng láº¡i cho cÃ³ 3 cÃ¡i ğŸ¤£
Duy chá»‰ cÃ³ cÃ¡i lÃ  gá»i 1 con nhÆ°ng cáº£m giÃ¡c hÆ¡i Ã­t, ko Ä‘á»§ bá»™ pháº­n Ã­ ğŸ¤£",5
74,74,sushi,GÃ  siÃªu nhiá»u sá»‘t. Ai mÃª mÃ³n gÃ  Hs cá»§a Lotteria mÃ  buá»“n phiá»n vÃ¬ Ã­t sá»‘t thÃ¬ hÃ£y qua bÃªn nÃ y. Ä‚n Ä‘Ã£ láº¯m luÃ´n. 2 ngÆ°á»i Äƒn suáº¥t ná»­a con + 1 tÃºi bÃ¡nh gáº¡o lÃ  vá»«a no.,4
75,75,sushi,"ÄÃ£ Ä‘áº·t mÃ³n á»Ÿ Ä‘Ã¢y 3 láº§n. Ráº¥t hÃ i lÃ²ng cáº£ vá» giÃ¡ cáº£, cháº¥t lÆ°á»£ng Ä‘á»“ Äƒn, phá»¥c vá»¥.
Tiáº¿p tá»¥c á»§ng há»™ quÃ¡n.",4
76,76,sushi,MÃ¬nh Ä‘áº·t vÃ o hÃ´m giáº£m giÃ¡ nÃªn ná»­a con gÃ  sá»‘t hÃ n quá»‘c cÃ²n 65k nhÆ°ng Ä‘áº¿n thÃ¬ gÃ  khÃ´ng giÃ²n vÃ  bÃªn trong cÃ²n sá»‘ng ná»¯a :( nhÆ°ng bÃ¹ láº¡i Ä‘c sá»‘t cháº¥m hÃ n quá»‘c ngon. Do lá»¡ Äƒn rá»“i nÃªn khÃ´ng tiá»‡n pháº£n há»“i cho quÃ¡n mong láº§n sau sáº½ Ä‘á»¡ hÆ¡n Ã  cÃ³ láº§n sau hay khÃ´ng mÃ¬nh cÅ©ng chÆ°a biáº¿t,2
77,77,sushi,"MÃ¬nh Ä‘áº·t má»™t suáº¥t gÃ  mix nguyÃªn con, vÃ¬ Ä‘ang sale nÃªn giÃ¡ chá»‰ cÃ²n 165k. Äá»£i 28 phÃºt lÃ  cÃ³ gÃ , anh shiper ship Ä‘Ãºng giá» ká»ƒ cáº£ hÃ´m Ä‘Ã³ cÃ³ mÆ°a. Äiá»ƒm Ä‘áº§u tiÃªn lÃ  quÃ¡n gÃ³i Ä‘áº¹p, ngÄƒn ngáº¯n, cÃ³ Ä‘á»“ Äƒn kÃ¨m nhÆ° salad, cá»§ cáº£i muá»‘i vÃ  sá»‘t kÃ¨m. GÃ  tuy Ä‘á»£i gáº§n 30 phÃºt nhÆ°ng ráº¥t lÃ  nÃ³ng vÃ  giÃ²n, nÃ³ng há»•i luÃ´n. Miáº¿ng Ä‘áº§u tiÃªn thÃ¬ thá»±c sá»± gá»i lÃ  Ä‘Ã£. GÃ  sá»‘t ngon vÃ  cÃ³ vá»‹ Ä‘áº·c trÆ°ng cá»§a quÃ¡n chá»© ko giá»‘ng hay same quÃ¡ nhiá»u vá»›i nhá»¯ng cá»­a hÃ ng khÃ¡c, mÃ¬nh Äƒn vÃ  cáº£m nháº­n Ä‘Ã´i chÃºt cÃ³ vá»‹ sáº£ vs tá»i. GÃ  rÃ¡n thÆ°á»ng thÃ¬ ko bá»‹ ngáº¥m quÃ¡ nhiá»u má»¡, giÃ²n vÃ  khÃ´ng ngáº¥y. Thá»±c sá»± gáº§n tÆ°Æ¡ng Ä‘Æ°Æ¡ng vá»›i nhá»¯ng quÃ¡n gÃ  ná»•i tiáº¿ng khÃ¡c nhÆ° Don hoáº·c Gaxeo mÃ  giÃ¡ thÃ¬ láº¡i ráº» hÆ¡n (náº¿u Don Ä‘Æ°á»£c 10/10 thÃ¬ á»Ÿ Ä‘Ã¢y sáº½ lÃ  7/10)... Chá»‰ thiáº¿u má»™t chá»— lÃ  cá»§ cáº£i muá»‘i bá»‹ nháº¡t, ko rÃµ vá»‹ nhÆ° máº¥y quÃ¡n khÃ¡c. Khuyáº¿n cÃ¡o náº¿u Äƒn 2 ngÆ°á»i thÃ¬ gá»i ná»­a con thÃ´i, ko thÃ¬ sáº½ no lÃ²i má»“m :)",4
78,78,sushi,"Sau bao nhiÃªu láº§n Äƒn thÃ¬ hÃ´m nay má»›i quyáº¿t Ä‘á»‹nh revew cho quÃ¡n. CÃ³ thá»ƒ nÃ³i lÃ  fan cuá»“ng cá»§a quÃ¡n cÅ©ng nÃªn. MÃ¬nh gá»i ná»­a con lÃ  vá»«a Ä‘áº¹p cho 2 ngÆ°á»i Äƒn.thÃ­ch nháº¥t gÃ  cá»§a quÃ¡n Ä‘áº§y Ä‘áº·n, bÃªn ngoÃ i giÃ²n trong thÃ¬ juicy. HÃ´m trÆ°á»›c quyáº¿t Ä‘á»‹nh thá»­ sang gÃ  rÃ¡n nhÆ°ng Ä‘Ãºng lÃ  gÃ  sá»‘t váº«n lÃ  tuyá»‡t Ä‘á»‰nh cay cay ngá»t ngá»t cÃ³ cá»§ cáº£i Äƒn kÃ¨m thÃ¬ tuyá»‡t cÃº mÃ¨o cháº³ng thua kÃ©m cÃ¡c quÃ¡n gÃ  ná»•i tiáº¿ng khÃ¡c, giÃ¡ láº¡i bÃ¬nh dÃ¢n. Ai muá»‘n Äƒn cáº£ rÃ¡n vÃ  sá»‘t thÃ¬ gá»i loáº¡i mix ná»­a ná» ná»­a kia. Nháº¥t Ä‘á»‹nh sáº½ lÃ  khÃ¡ch hÃ ng trung thÃ nh cá»§a quÃ¡n. 
QuÃ¡n nÃ y ráº¥t hay cÃ³ chÆ°Æ¡ng trÃ¬nh khuyáº¿n máº¡i trÃªn now. HÃ´m trÆ°á»›c 2 Ä‘á»©a Äƒn cáº£ ship háº¿t cÃ³ 113k ná»­a con Äƒn nhoÃ¨.",4
79,79,sushi,"Ã”i ngÃ y hum qua thá» lÃ  mÃ¬nh thÃ¨m gÃ  Ä‘áº¿n phÃ¡t Ä‘iÃªn, sau Ä‘Ã³ lang thang now.vn quyáº¿t Ä‘á»‹nh Ä‘áº·t á»Ÿ Ä‘Ã¢y vá» Äƒn thÃ¬ chiá»u lÃ  Ä‘au bá»¥ng vÃ  hÃ nh mÃ¬nh Ä‘áº¿n tá»‘i :( MÃ¬nh Äƒn tháº¥y á»•n, gÃ  sá»‘t ngon váº­y mÃ  k hiá»ƒu sao Ä‘au bung :(",2
80,80,sushi,"Sau 3 láº§n order gÃ  cá»§a quÃ¡n mÃ¬nh Ä‘Ã£ nháº­n ra chá»‰ cÃ³ gÃ  sá»‘t cay ngá»t rÆ°á»›i sá»‘t trá»±c tiáº¿p lÃ  chÃ¢n Ä‘áº¡o. Báº¡n cÃ³ thá»ƒ gá»i thÃªm 10k bÃ¡nh gáº¡o Äƒn kÃ¨m Ä‘á»•i vá»‹. 2 láº§n trÆ°á»›c minh gá»i gÃ  sá»‘t cay ngá»t Äƒn ráº¥t ngon, láº§n nÃ y Ä‘á»•i sang sá»‘t mÃ¹ táº¡t xem sao thÃ¬ khuyÃªn cÃ¡c báº¡n lÃ  nÃ³ chua chua Äƒn gÃ  cháº£ há»£p, vá»›i cáº£ Ä‘á»ƒ sá»‘t á»Ÿ ngoÃ i thÃ¬ gÃ  sáº½ lÃ  gÃ  rÃ¡n bÃ¬nh thÆ°á»ng, khÃ´ cá»©ng Äƒn láº¡i ngáº¥y ná»¯a.
NÃ³i chung lÃ  GÃ€ Sá»T CAY NGá»ŒT RÆ¯á»šI Sá»T TRá»°C TIáº¾P",4
81,81,sushi,Láº§n thá»© hai Äƒn Ä‘á»“ cá»§a quÃ¡n :) chá»‰ cÃ³ thá»ƒ nÃ³i lÃ  Æ°ng thÃ´i áº¡ :),3
82,82,sushi,"bÃ¡nh gáº¡o phomai chiÃªn mÃ  k thÃ¨m chiÃªn cho kh luÃ´n, cháº£ giá»‘ng áº£nh tÃ­ nÃ o, bÃ³ tay",1
83,83,sushi,"HÃ´m nay do ba máº¹ mÃ¬nh Ä‘i chÆ¡i tá»‘i háº¿t, Ä‘á»ƒ láº¡i hai chá»‹ em lá»§i thá»§i á»Ÿ nhÃ  nÃªn bá»n mÃ¬nh quyáº¿t Ä‘á»‹nh Ä‘áº·t gÃ  cá»§a shop Ä‘á»ƒ Äƒn :>
Hai Ä‘á»©a gá»i suáº¥t gÃ  mix nguyÃªn con. GÃ  Ä‘Æ°á»£c chiáº¿n ráº¥t ngon. Do sá»£ thiáº¿u sá»‘t nÃªn bá»n mÃ¬nh cÃ³ Ä‘áº·t nhiá»u sá»‘t cÆ¡ mÃ  sá»± tháº­t lÃ  cÅ©ng khÃ´ng cáº§n láº¯m, do báº£n thÃ¢n shop cÅ©ng Ä‘Ã£ cho Ä‘á»§ lÆ°á»£ng sá»‘t rá»“i. Cá»§ cáº£i muá»‘i khÃ´ng há»£p kháº©u vá»‹ mÃ¬nh láº¯m nÃªn mÃ¬nh sáº½ bá» qua. 
NÃ³i chug lÃ  ráº¥t Ä‘Ã¡ng thá»­ Ä‘áº¥y áº¡ :>",3
84,84,sushi,"NhÃ¢n Ä‘Æ°á»£c dá»‹p quÃ¡n khuyáº¿n mÃ£i máº¡nh 50% nÃªn má»i ngÆ°á»i order vá». 

ğŸ—GÃ  Popcorn sá»‘t phá»§ phÃ´ mai vÃ  tok suáº¥t to - 159k
GÃ  má»m vÃ  dá»… Äƒn, sá»‘t vÃ  tokbokki cÅ©ng khÃ¡ ngon vÃ  vá»«a miá»‡ng. 

ğŸ—GÃ  ná»­a con mix cay Ã­t vÃ  sá»‘t cay ngá»t HÃ n Quá»‘c - 155k
MÃ¬nh nhÃ¬n trÃªn áº£nh thÃ¬ tháº¥y háº¥p dáº«n nhÆ°ng nháº­n Ä‘Æ°á»£c thÃ¬ gÃ  tuy nhiá»u nhÆ°ng khÃ´ cá»©ng, láº¡nh, trÃ´ng nhÆ° hÆ¡i cÅ©. MÃ³n nÃ y Ä‘Æ°á»£c cÃ¡i Äƒn kÃ¨m vá»›i nhiá»u vá»‹ sá»‘t, chá»© khi nháº­n Ä‘Æ°á»£c thÃ¬ mÃ¬nh khÃ´ng hiá»ƒu mix ná»­a nÃ y ná»­a kia nhÆ° áº£nh ra sao. 

CÃ¡c vá»‹ sá»‘t Äƒn kÃ¨m thÃ¬ Ä‘Æ°á»£c cÃ¡i mÃ¹ táº¡t máº­t ong lÃ  Äƒn á»•n nháº¥t, cÃ²n máº¥y vá»‹ khÃ¡c trÃ´ng hÆ¡i chÃ¡n.",3
85,85,sushi,"Má»™t tiá»‡m gÃ  ngon ráº» Äƒn vÃ o nhá»¯ng ngÃ y Ä‘au vÃ­.
ThÃ¨m gÃ  thÃ¬ tÃ¬m Ä‘Æ°á»£c quÃ¡n vÃ  cÅ©ng cÃ³ cáº£ code 40% nÃªn mÃ¬nh Ä‘áº·t set cáº£ con mix 240k -> 145k 
Tuy Ä‘á»£i hÆ¡i lÃ¢u nhÆ°ng gÃ  ship Ä‘áº¿n váº«n cÃ²n nÃ³ng há»•i. 
Trong 1 set nÃ y thÃ¬ má»—i ná»­a cÃ³ 9 miáº¿ng gÃ , 1 há»™p cá»§ cáº£i vÃ ng + 1 há»™p kimchi + gÄƒng tay + 1 há»™p sá»‘t. 
NÃ³i chung lÃ  khÃ¡ nhiá»u vÃ  cháº¥t lÆ°á»£ng, pháº§n gÃ  sá»‘t Ä‘áº«m sá»‘t Ä‘Æ°á»£c bá»c giáº¥y báº¡c nÃªn gÃ  cÃ²n nÃ³ng há»•i. Tuy nhiá»u sá»‘t váº­y nhÆ°ng váº«n cho thÃªm 1 há»™p sá»‘t cháº¥m ráº¥t nhiá»u ná»¯a, mÃ  cáº£ 2 sá»‘t Ä‘á»u lÃ  cÃ¹ng 1 loáº¡i nhÆ° lÃ  sá»‘t á»›t hÃ n quá»‘c Ä‘Æ°á»£c náº¥u lÃªn áº¥y. MÃ¬nh cá»±c mÃª pháº§n sá»‘t nÃ y, khÃ´ng cay tÃ­ nÃ o mÃ  cÃ²n ngá»t, so ra mÃ¬nh cÃ²n thÃ­ch sá»‘t nÃ y hÆ¡n cáº£ sá»‘t cá»§a Don nhÃ© ğŸ˜‚ GÃ  rÃ¡n thÃ¬ lá»›p Ã¡o bá»™t khÃ´ng pháº£i loáº¡i chiÃªn xÃ¹ lÃªn nhÆ° KFC hay Lotteria mÃ  giá»‘ng cÃ¡ch pha bá»™t bÃªn HÃ n Quá»‘c, Äƒn váº«n khÃ¡ thÆ¡m vÃ  ngon.
â—ï¸Tuy nhiÃªn thÃ¬ khÃ´ng biáº¿t do hÃ´m Ä‘Ã³ quÃ¡n Ä‘Ã´ng rÃ¡n gÃ  hÆ¡i vá»™i hay ntn, nhÆ°ng miáº¿ng gÃ  mÃ¬nh mong quÃ¡n chiÃªn kÄ© hÆ¡n chÃºt ná»¯a, chá»© cÃ³ vÃ i miáº¿ng mÃ¬nh Äƒn gáº§n xÆ°Æ¡ng thÃ¬ tháº¥y váº«n hÆ¡i tÃ¡i. Mong shop rÃºt kinh nghiá»‡m.
Tá»•ng thá»ƒ láº¡i thÃ¬ váº«n khÃ¡ Ä‘Ã¡ng tiá»n, cÃ³ code giáº£m giÃ¡ thÃ¬ cÃ²n há»i hÆ¡n cÆ¡. Nháº¥t Ä‘á»‹nh mÃ¬nh sáº½ Ä‘áº·t tiáº¿p ğŸ‘Œ",5
86,86,sushi,"Dakgalbi Restaurant - áº¨m Thá»±c HÃ n Quá»‘c â˜ºï¸

ğŸ‘‰ ÄÆ°á»£c Äƒn kÃ© má»™t chÃºt gÃ¬ Ä‘Ã³ hihi
CÃ´ báº¡n mÃ¬nh lÆ°Æ¡i náº¥u má»›i gá»i ship Ä‘á»“ Äƒn Æ¡ Ä‘Ã¢y vá» vi tháº¥y cÃ³ khuyáº¿n mai cung ráº» hÆ¡n binh thg mÃ´t chÃºt xÃ­u náº¡ :))
Gá»i mÃ´t pháº§n cÃ¡nh gÃ  rÃ¡n khÃ´ng vÃ  thá»‹t lá»£n chiÃªn xÃ¹ :))
Ko cÃ³ cÆ¡m nÃªn phai tÆ° nÃ¢u cÆ¡m Ä‘á»ƒ Äƒn cÃ¹ng nhÆ°ng tháº¥y nhÆ° thÃª nay áº¡ ğŸ¤©
- CÃ¡nh gÃ  rÃ¡n thÃ¬ binh thg ko co gÃ¬ Ä‘Äƒc biÃªt ..
- Thá»‹t lá»£n chiÃªn xÃ¹ cÅ©ng tháº¿, dc cáº¯t nhá» tá»«ng miáº¿ng rÃ´i nhÆ°ng cÃ³ nc cháº¥m sÃ´t cay nhe nháº¹ láº¡i thÃ nh ngon lm ğŸ˜ğŸ˜ğŸ˜",3
87,87,sushi,LÃ¢u láº¯m má»›i láº¡i quay láº¡i quÃ¡n nhÆ°ng khÃ´ng lÃ m mÃ¬nh tháº¥t vá»ng trá»« khÃ´ng gian hÆ¡i nhá» hay trang trÃ­ Ä‘Æ¡n Ä‘iá»‡u.BÃ¹ láº¡i thÃ¬ gÃ  rÃ¡n á»Ÿ Ä‘Ã¢y vá» giÃ¡ cáº£ so vá»›i cháº¥t lÆ°á»£ng lÃ  ráº¥t á»•n. QuÃ¡n má»›i chuyá»ƒn vá» Ä‘á»‹a chá»‰ má»›i gáº§n ráº¡p chiáº¿u phim khÃ´ng gian nhá» hÆ¡n bÃªn nguyá»…n chÃ­ thanh. Chá»‰ cÃ³ 5 bÃ n á»Ÿ táº§ng 1. HÃ´m mÃ¬nh Ä‘áº¿n chá»‰ cÃ³ 2 bÃ n Ä‘ang Äƒn cÃ²n lÃ  toÃ n ship hÃ ng lÃ  chÃ­nh thÃ¬ pháº£i. MÃ¬nh Ä‘i 3 ngÆ°á»i gá»i 5 cÃ¡nh 5 Ä‘Ã¹i nhÆ° hÃ¬nh háº¿t 238k giáº£m 10% cÃ²n 214k tháº¥y ráº» mÃ  ngon cÅ©ng gá»i lÃ  áº¥m bá»¥ng. Ä‚n xong thanh toÃ¡n cÃ³ anh cÃ²n giá»›i thiá»‡u chÆ°Æ¡ng trÃ¬nh km gá»i ship gÃ  cáº£ má»™t con rÃ¡n cÃ³ 160k thÃ´i. CÅ©ng ham há»‘ hÃ´m nÃ o gá»i thá»­ sáº½ review,4
88,88,sushi,"NgÃ y 23/7 mÃ¬nh cÃ³ Ä‘áº·t bÃ n lÃºc 12h. Há»‡ thá»‘ng Ä‘Ã£ gá»i Ä‘iá»‡n xÃ¡c nháº­n Ä‘áº·t bÃ n thÃ nh cÃ´ng vÃ  gá»­i tin nháº¯n báº£o mÃ¬nh Ä‘Æ°a cho cá»­a hÃ ng lÃ  Ä‘Æ°á»£c giáº£m giÃ¡ 10%. NhÆ°ng khi mÃ¬nh Ä‘áº¿n thÃ¬ báº¡n nhÃ¢n viÃªn báº£o khÃ´ng Ä‘Æ°á»£c. Váº­y lÃ  nhÆ° tháº¿ nÃ o? KhÃ´ng thá»‘ng nháº¥t vá»›i nhau gÃ¬ cáº£. 
Phá»¥c vá»¥ thÃ¬ cháº­m Æ¡i lÃ  cháº­m, Ä‘á»£i 45' má»›i Ä‘Æ°á»£c Äƒn.",1
89,89,sushi,"NÃ y lÃ  gÃ  sá»‘t mix chiÃªn. NÃ³i chung Ä‘á»u ngon, cÃ³ kim chi cáº£i tháº£o vs cá»§ cáº£i Äƒn kÃ¨m Ä‘á»¡ ngÃ¡n. CÃ³ code discount nÃªn order cáº£ con + ship gáº§n 7km máº¥t cÃ³ 173k. Thá»‰nh thoáº£ng sáº½ á»§ng há»™ ğŸ˜‚",3
90,90,sushi,"Nhá»› cÃ³ bá»¯a thÃ¨m gÃ  cuá»“ng nhiá»‡t quÃ¡ nÃªn sáºµn Ä‘ang cÃ³ code khuyáº¿n mÃ£i thÃ¬ gá»i Ä‘áº·t gÃ  rÃ¡n á»Ÿ Ä‘Ã¢y, pháº§n cÃ¡nh gÃ  rÃ¡n k sá»‘t Ä‘Æ°á»£c 4 miáº¿ng nhá»› k nháº§m thÃ¬ 90k, cÅ©ng khÃ´ng Ä‘áº¯t mÃ  cÅ©ng cháº£ ráº» vÃ¬ Ä‘Ã£ co code rá»“i mÃ  :v
NÃ³i chung thÃ¬ gÃ  rÃ¡n á»Ÿ Ä‘Ã¢y kiá»ƒu vá» bá»c má»ng, k nhÆ° kiá»ƒu gÃ  rÃ¡n lotteria hay kfc nÃªn tháº¥y Äƒn cÅ©ng bÃ¬nh thÆ°á»ng thui ah ^^ cÃ³ tÆ°Æ¡ng á»›t tÆ°Æ¡ng cÃ  vá»›i cáº£ cá»§ cáº£i muá»‘i Äƒn kÃ¨m nhÆ°ng cá»§ cáº£i muá»‘i tháº¥y k ngon cho láº¯m :(",3
91,91,sushi,"Hnay Lala cÃ³ mÃ£ giáº£m giÃ¡ 50% nÃªn m thá»­ Miáº¿n trá»™n vs Thá»‹t chiÃªn xÃ¹ xem sao vÃ¬ Ä‘á»c review tháº¥y mng khen 2 mÃ³n nÃ y.
Cáº£m nháº­n Ä‘áº§u tiÃªn lÃ  Ä‘á»“ Äƒn váº«n cÃ²n nÃ³ng hÃ´i há»•i vÃ  miáº¿n Ä‘c Ä‘á»±ng trong há»™p nhá»±a khÃ¡ cháº¯c cháº¯n.
Thá»‹t chiÃªn giÃ²n, má»m nhÆ°ng m tháº¥y hÆ¡i nháº¡t.
Miáº¿n thÃ¬ Ä‘c cÃ¡i dai vs khÃ¡ nhiá»u thá»‹t nhÆ°ng mÃ  thá»‹t bá»‹ thÃ¡i k Ä‘Ãºng thá»› hay sao áº¥y nÃªn bá»‹ dai ğŸ˜” Ncl m tháº¥y bt, k Ä‘áº¿n má»©c ngon xuáº¥t sáº¯c nhÆ° nx cá»§a nhiá»u ng!",2
92,92,sushi,"- Äá»“ Äƒn: GÃ  á»Ÿ Ä‘Ã¢y hÆ¡i nháº¡t, Ã­t thá»‹t, mÃ  phÃ´ mai cho cÅ©ng Ã­t ná»¯a. NhÃ¢n viÃªn sáº½ Ä‘áº£o Ä‘á»“ riÃªng rá»“i bÃª ra bÃ n chá»© khÃ´ng pháº£i táº¡i chá»— nhÆ° cÃ¡c hÃ ng dakglabi khÃ¡c, Ã¢u cÅ©ng tiá»‡n, Ä‘á»¡ Ã¡m mÃ¹i. Äá»“ Äƒn kÃ¨m cÃ³ kimbap, má»³ miáº¿n v..v., Äƒn bÃ¬nh thÆ°á»ng nhÆ° máº¥y hÃ ng Ä‘á»“ HÃ n bÃ¬nh dÃ¢n
- GiÃ¡ cáº£: tÃ­nh ra Ä‘i Ä‘Ã´ng Äƒn no cÅ©ng ráº», chá»‰ táº§m 100k/ngÆ°á»i thui
- KhÃ´ng gian, vá»‹ trÃ­: hÆ¡i khuáº¥t, biá»ƒn mÃ u Ä‘en khÃ³ tÃ¬m, gáº§n Vincom NCT. CÃ³ 1 táº§ng thÃ´i vÃ  khÃ¡ nhá» nhÃ©.
- Phá»¥c vá»¥: CÃ³ 2-3 ngÆ°á»i thÃ´i nÃªn quÃ¡n Ä‘Ã´ng cÃ¡i lÃ  tháº¥y rá»‘i, vÃ¬ pháº£i Ä‘áº£o 2 cháº£o gÃ  1 lÃºc. CÅ©ng khÃ´ng thÃ¢n thiá»‡n láº¯m. MÃ  khÃ´ng hiá»ƒu sao panchan chá»‰ lÃªn 2 láº§n chá»© khÃ´ng free nhÆ° chá»— khÃ¡c.",3
93,93,sushi,"Check qua tháº¥y quÃ¡n nÃ y gáº§n nhÃ  mÃ  cÃ³ giáº£m giÃ¡ 10% Ä‘áº·t bÃ n tableNow nÃªn Ä‘i thá»­ chá»© khÃ´ng ra quÃ¡n quen. NhÃ¬n chung thá»‹t thÃ  cÅ©ng Ä‘áº§y Ä‘áº·n nhÆ°ng phÃ´ mai cho hÆ¡i Ã­t. NÃªn gá»i gÃ  khÃ´ng hoáº·c gÃ  xÃ o vá»›i báº¡ch tuá»™c chá»© ba chá»‰ má»¡ láº¯m. QuÃ¡n chá»‰ cÃ³ 2 bÃ n Ä‘áº£o, nhÃ¢n viÃªn sáº½ lÃ m trÆ°á»›c máº·t rá»“i bÃª ra bÃ n cho mÃ¬nh. Kiá»ƒu nÃ y Ä‘iá»ƒm cá»™ng lÃ  Ä‘á»¡ Ã¡m mÃ¹i vá»›i bÃ n sáº½ rá»™ng hÆ¡n. NhÆ°ng Ä‘iá»ƒm trá»« lÃ  máº¥t Ä‘i cÃ¡i thÃº, vá»›i cáº£ Ä‘á»“ sáº½ nhanh nguá»™i hÆ¡n, gá»i cÆ¡m rang thÃ¬ sáº½ Ä‘áº£o tá»« Ä‘áº§u dÃ¹ mÃ¬nh thÃ­ch Ä‘áº£o sau cÃ¹ng vá»›i gÃ  hÆ¡n ğŸ˜ğŸ˜ TÃºm láº¡i, giÃ¡ rá»• khÃ¡ ráº» (Ä‘i 6 ngÆ°á»i gá»i cáº£ gÃ  size L, 3 kimbap, miáº¿n trá»™n háº¿t táº§m 100k/ngÆ°á»i) nhÆ°ng cháº¥t lÆ°á»£ng Ä‘á»“ bÃ¬nh thÆ°á»ng, ra Nguyá»…n Khang hoáº·c Ä‘áº§u Nguyá»…n ChÃ­ Thanh tháº¥y há»£p miá»‡ng mÃ¬nh hÆ¡n ğŸ˜Š Ã  nÆ°á»›c lá»c free, panchan chá»‰ lÃªn 2 láº§n ğŸ¤«",3
94,94,sushi,"KhÃ´ng bÃ­t quÃ¡n cÃ³ quan há»‡ gÃ¬ vá»›i King Dakgalbi khÃ´ng nhá»‰? NhÆ°ng mÃ¬nh Äƒn tháº¥y Ä‘á»“ HÃ n á»Ÿ Ä‘Ã¢y á»•n pháº¿t. GiÃ¡ cÅ©ng khÃ´ng há» Ä‘áº¯t chÃºt nÃ o:
- Miáº¿n trá»™n bÃ²: mÃ³n thÃ­ch nháº¥t. Miáº¿n dai, sá»£i to, xÃ o cÃ¹ng rau báº¯p cáº£i, giÃ¡ vÃ  thá»‹t bÃ². Ä‚n khÃ´ng ngáº¥y vÃ¬ xÃ o khÃ´ng nhiá»u má»¡, Ä‘Ã£ tháº¿ rau trá»™n ngon, Äƒn vá»«a miá»‡ng. 
- Thá»‹t chiÃªn xÃ¹: thÃ­ch nhÃ¬. Cáº¯t miáº¿ng vá»«a Äƒn, thá»‹t chiÃªn giÃ²n vá» ngoÃ i. Thá»‹t heo bÃªn trong má»m, dá»… nhai, Äƒn cÃ¹ng sá»‘t mayo trá»™n vá»›i tÆ°Æ¡ng cÃ  tháº­t háº¿t xáº£y. 
- Tok chiÃªn: trong Ä‘áº§u mÃ¬nh tÆ°á»Ÿng chá»‰ lÃ  tok rÃ¡n lÃªn nhÆ°ng lÃºc Ä‘em ra Äƒn vÃ o má»›i biáº¿t Ä‘Ã¢y lÃ  mÃ³n ngá»t. HÃ¬nh nhÆ° há» xÃ o vá»›i Ä‘Æ°á»ng hay máº­t ong ná»¯a. MÃ³n nÃ y ngáº¥y. Ráº¥t ngáº¥y. KhÃ´ng nÃªn gá»i. 
- ChÃ o gÃ  báº¯p cáº£i phÃ´ mai: HÆ¡i tháº¥t vá»ng vÃ¬ Ä‘á»™n quÃ¡ nhiá»u rau, cháº³ng tháº¥y thá»‹t Ä‘Ã¢u. Miáº¿ng thá»‹t cÅ©ng bÃ© tÃ­, vá»¥n vá»¥n. PhÃ´ mai cÅ©ng khÃ´ng nhÃ¬u. CÃ¡i cháº£o thÃ¬ rÃµ to :)))) NhÆ°ng cháº¥t lÆ°á»£ng thÃ¬ táº¡m Ä‘Æ°á»£c. 

- GiÃ¡ rá»•: 130k/ngÆ°á»i (-10% Ä‘áº·t qua tablenow). ÄÃ£ tÃ­nh 3 nÆ°á»›c. HÃ¬nh nhÆ° ko VAT áº¡.",4
95,95,sushi,"- KhÃ´ng gian: rá»™ng rÃ£i, thoÃ¡ng mÃ¡t.
- nhÃ¢n viÃªn: phá»¥c vá»¥ nhiá»‡t tÃ¬nh, cÃ³ má»—i 2 nhÃ¢n viÃªn nhÆ°ng náº¿u khÃ¡ch Ä‘Ã´ng thÃ¬ sáº½ phá»¥c vá»¥ cháº­m hÆ¡n.
- Äá»“ Äƒn: mÃ¬nh gá»i 1 set gÃ  xÃ o báº¯p cáº£i to kÃ¨m thÃªm tok vÃ  thá»‹t ba chá»‰. Máº·c dÃ¹ set to nhÆ°ng ráº¥t Ã­t gÃ  vÃ  báº¯p cáº£i. GÃ  xÃ o Äƒn cÅ©ng bÃ¬nh thÆ°á»ng. KhÃ´ng ngon láº¯m. CÃ¡c mÃ³n cÃ²n láº¡i cÅ©ng bÃ¬nh thÆ°á»ng.",3
96,96,sushi,"ÄÃºng nhÆ° mÃ¬nh nÃ³i, nÆ¡i Ä‘Ã¢y phÃ¹ há»£p cho cÃ¡c báº¡n Ä‘ang cáº§n Ä‘Æ°á»£c NÃT! Báº¡n Ä‘ang má»i má»‡t? Báº¡n Ä‘ang Ä‘au lÃ²ng? Báº¡n má»›i chia tay ngÆ°á»i yÃªu? ChÃ³ nhÃ  báº¡n bá»‹ trá»™m? Tháº±ng báº¡n xáº¥u trai hÆ¡n láº¡i vá»› Ä‘Æ°á»£c hot gÆ¡n?
Move your ass ngay láº­p tá»©c tá»›i quÃ¡n hÃ©t 1 set gÃ  xÃ o + hai chai soju quáº¥t cho nÃ¡t Ä‘á»i Ä‘i! VÃ¬ quÃ¡n sáº½ khiáº¿n cho báº¡n cáº£m tháº¥y nhÆ°u Ä‘ang trong 1 phÃ¢n cáº£nh tÆ°Æ¡ng tá»± phim HÃ n quáº¥t.
Má»™t cháº£o gÃ  cÃ¡c báº¡n cÃ³ thá»ƒ tuá»³ theo sá»‘ lÆ°á»£ng thÃ nh viÃªn trong team mÃ  order cÃ¡c báº¡n nhÃ¢n viÃªn phá»¥c vá»¥. HÃ£y cá»© má»Ÿ mÃ n chai soju Ä‘áº§u tiÃªn vá»›i gÃ  xÃ o phÃ´ mai Ä‘i vÃ¬ sau khi cÃ¡c báº¡n Ä‘Ã£ ngÃ  ngÃ  say rá»“i nhÃ¢n viÃªn sáº½ mang cÆ¡m ra vÃ  rang nguyÃªn 1 cháº£o Ä‘áº§y cho cÃ¡c báº¡n thÆ°á»Ÿng thá»©c rÃ£ rÆ°á»£u Ä‘á»ƒ chuáº©n bá»‹ cho chai thá»© hai. Vá»›i cÃ¡c báº¡n ná»¯ nháº¹ nhÃ ng cáº§n Ä‘Æ°á»£c tháº£ thÃ­nh hoáº·c cÃ¡c báº¡n trai yáº¿u Ä‘uá»‘i mong muá»‘n Ä‘Æ°á»£c ná»Ÿ hoa thÃ¬ hÃ£y gá»i 1 chai rÆ°á»£u gáº¡o ra uá»‘ng cho vui ngÆ°á»i nhÃ©. MÃ¬nh táº¥p quÃ¡n pháº£i hÆ¡n chá»¥c láº§n nÄƒm vá»«a rá»“i nÃªn Ä‘Ã³ lÃ  tÃ­n hiá»‡u khÃ¡ ok Ä‘á»ƒ gá»£i Ã½ cho cÃ¡c báº¡n má»™t quÃ¡n ngon vá»›i giÃ¡ cáº£ há»£p lÃ½ nhÃ© :3",4
97,97,sushi,"ÄÃ£ Ä‘áº¿n King Dakgalbi á»Ÿ Nguyá»…n ChÃ­ Thanh Äƒn 1 láº§n, vá»›i cÃ¡i cháº¥t lÆ°á»£ng Ä‘á»“ Äƒn ngÃ y hÃ´m Ä‘áº¥y Äƒn thÃ¬ cÅ©ng ráº¥t hÃ i lÃ²ng vÃ  cháº¯c cháº¯n quyáº¿t Ä‘á»‹nh sáº½ quay láº¡i quÃ¡n nÃ y. NhÆ°ng cÅ©ng chÆ°a cÃ³ dá»‹p quay láº¡i King Dakgalbi nÃªn hÃ´m nay máº¥y chá»‹ em gá»i giao hÃ ng. NhÆ°ng cÅ©ng nháº§m láº«n gá»i Dakgalbi 54 Nguyá»…n ChÃ­ Thanh cÆ¡. Äá»£i khÃ¡ lÃ¢u, nhÆ°ng nhá»¯ng gÃ¬ mÃ  cháº¥t lÆ°á»£ng Ä‘á»“ Äƒn mang láº¡i thÃ¬ cÅ©ng ráº¥t hÃ i lÃ²ng luÃ´n. Ngon cháº£ kÃ©m gÃ¬ cÃ¡i King Dakgalbi kia, suáº¥t Ä‘áº§y Ä‘áº·n. 250k sale 50% chá»‰ cÃ²n 125k, tÃ­nh cáº£ tiá»n ship tá»« Nguyá»…n ChÃ­ Thanh vá» KhÃ¢m ThiÃªn thÃ¬ tá»•ng táº¥t cáº£ lÃ  150k. Ráº», ngon, cháº¯c cháº¯n sáº½ cÃ²n á»§ng há»™.",3
98,98,sushi,"QuÃ¡n náº±m ngay cá»•ng ra cá»§a VinCom Nguyá»…n ChÃ­ Thanh nÃ¨ğŸ˜
KhÃ´ng gian phá»¥c vá»¥ cá»§a quÃ¡n chá»‰ cÃ³ 1 gian á»Ÿ táº§ng 1 thÃ´i, nhÆ°ng cÃ³ Ä‘iá»u hÃ²a vÃ  bÃ n báº¿p Ä‘á»ƒ xÃ o gÃ  Ä‘áº§y Ä‘á»§, quÃ¡n sáº¡ch sáº½ mÃ¡t máº»ğŸ˜ŠğŸƒ

HÃ´m mÃ¬nh Ä‘i cÃ¹ng há»™i báº¡n Ä‘áº¿n liÃªn hoan, Ä‘á»‹nh lÃ  chá»‰ gá»i gÃ  xÃ o báº¯p cáº£i phÃ´ mai thÃ´i mÃ  chá»‹ chá»§ quÃ¡n báº£o lÃ  má»›i cÃ³ thÃªm láº©u chanh dÃ¢y cáº£ láº©u sá»¯a ngon láº¯m nÃªn cáº£ lÅ© ham há»‘ gá»i cáº£ 2 ná»“i luÃ´nğŸ˜‚ğŸ˜‚ğŸ˜‚ láº©u chanh dÃ¢y Äƒn vá»«a Ä‘á»§ ngon, cÃ²n láº©u sá»¯a thÃ¬ mÃ¬nh chÆ°a Äƒn bao giá» nÃªn tháº¥y láº¡ láº¯m luÃ´nğŸ˜„ğŸ˜„ğŸ˜„ nÆ°á»›c dÃ¹ng láº©u lÃ  sá»¯a tÆ°Æ¡i, nhÃ¢n sÃ¢m, tÃ¡o Ä‘á» cÃ¹ng nhiá»u gia vá»‹ khÃ¡c thÆ¡m phá»©c luÃ´nğŸ˜‹ğŸ¥˜ lÃºc sÃ´i thÃ¬ báº¯t Ä‘áº§u vÃ¡ng sá»¯a sáº½ ná»•i lÃªn, hÃ²a cÃ¹ng nÆ°á»›c thá»‹t bÃ² má»¹ rá»“i rau cá»§ cÃ¡c thá»©, Äƒn vÃ o máº¥y hÃ´m trá»i trá»Ÿ giÃ³ láº¡nh láº¡nh thÃ¬ phÃª ná»• má»“m luÃ´nğŸ˜‹
CÃ²n gÃ  xÃ o báº¯p cáº£i phÃ´ mai thÃ¬ huyá»n thoáº¡i rá»“i nÃªn miá»…n bÃ¬nh luáº­n nhağŸ˜‰ğŸ˜",4
99,99,sushi,"QuÃ¡n hÆ¡i bÃ© nhÆ°ng mÃ¬nh thÃ­ch cÃ¡ch phá»¥c vá»¥ á»Ÿ quÃ¡n nÃ y dÃ¹ lÃ  quÃ¡n bÃ© nhÆ°ng phá»¥c vá»¥ ráº¥t nhiá»‡t tÃ¬nh. So vá»›i nhá»¯ng quÃ¡n sang giÃ¡ cao mÃ¬nh tá»«ng Ä‘áº¿n quÃ¡n nÃ y Äƒn Ä‘á»©t luÃ´n. GiÃ¡ cáº£ ráº¥t lÃ  bÃ¬nh dÃ¢n , Ä‘á»“ Äƒn táº¡m Ä‘Æ°á»£c. Náº¿u lÃ  mÃ¬nh náº¥u thÃ¬ mÃ¬nh sáº½ Æ°á»›p gÃ  trÆ°á»›c khi táº©m bá»™t nhÆ° tháº¿ hÆ°Æ¡ng vá»‹ gÃ  sáº½ ngon hÆ¡n xÃ­u!!",4
100,100,sushi,"LÃ¢u LÃ¢u khÃ´ng biáº¿t Ä‘i Äƒn gÃ¬, báº¡n thÃ¬ ""Äƒn gÃ¬ cÅ©ng Ä‘c"" ""mÃ y lÃªn foody mÃ  xem""...bla..bla.. lÃ  láº¡i ra quÃ¡n nÃ y, má»™t pháº§n cÅ©ng táº¡i gáº§n cÃ´ng ty, lá»±a chá»n an toÃ n. Cháº¥t lÆ°á»£ng khÃ´ng quÃ¡ xuáº¥t sáº¯c nhÆ°ng á»Ÿ má»©c á»•n, lÃ  cÃ³ thÃªm phomai nÃªn Ä‘i vá»›i con gÃ¡i quÃ¡ há»£p :))
3 ngÆ°á»i, gá»i 1 pháº§n gÃ  xÃ o kÃ¨m cÆ¡m rang (k nhá»› cÆ¡m lÃ  kÃ¨m hay tÃ­nh riÃªng), thÃªm 3-4 chai bia háº¿t 326k, tÃ­nh ra 110k/ngÆ°á»i. Ä‚n nÃ³ luÃ´n, gá»i thÃªm pháº§n gÃ  rÃ¡n hoáº·c bÃ¡nh gáº¡o gÃ¬ Ä‘Ã³ cÅ©ng Ä‘c.
QuÃ¡n cÃ³ 1 táº§ng, Ä‘Ã´ng khÃ¡ch lÃ  hÆ¡i bÃ­. NhÃ¢n viÃªn phá»¥c vá»¥ nhanah, nhiá»‡t tÃ¬nh. Chá»— Ä‘á»ƒ xe thá»a mÃ¡i.",3
101,101,sushi,"Dakgalbi váº«n khuyáº¿n mÃ£i mua gÃ  xÃ o pho mai bonus nÆ°á»›c gáº¡o cÃ¡c Ã´ng áº¡. bá»n mÃ¬nh vá»«a rá»§ nhau Ä‘i Äƒn nÃ¨. gá»i Äáº·t trÆ°á»›c gÃ  phÃ´ mai. Ä‘áº¿n nhÃ¬n cháº£o gÃ  Ä‘Ã£ lÃªn cÆ¡n thÃ¨m rá»“i. GÃ  bÃª ra thÃ¬ nhÃ¬n thÃ­ch vÃ  Æ°ng láº¯m Ã¢y. Má»—i tá»™i theo má»“m m thÃ¬ hÆ¡i cay giáº£m chÃºt ná»¯a thÃ¬ tuyá»‡t. nhÆ°ng váº«n ngon láº¯m. ÄÃºng bá»¯a cÆ¡m nÃªn k chau chuá»‘t hÃ¬nh áº£nh Ä‘c . áº£nh tháº­t viá»‡c tháº­t thÃ´i. CÃ¡c e nhÃ¢n viÃªn khÃ¡ dá»… chá»‹u nhÃ© . háº¹n 11h thÃ¬ 11h20 Ä‘áº¿n nÆ¡i xÃª dá»‹ch xÃ­u khÃ´ng Ä‘Ã¡ng ká»ƒ, mÃ  giÃ¡ thÃ¬ ráº» láº¯m Ã­.ğŸ˜˜. Äƒn Ä‘Ãª Äƒn Ä‘Ãª",4
102,102,sushi,"LÃ¢u láº¯m vá»›i quay láº¡i quÃ¡n nÃ y Äƒn , cáº£m giÃ¡c tháº¥t vá»ng dÃ£ man
Bá»n m cÃ³ gá»i 2 suáº¥t gÃ  ba chá»‰ , gÃ  báº¡ch tuá»™c , Ä‘á»“ Ã­t , báº¡ch tuá»™c cháº¯c toÃ n rÃ¢u , Ä‘c táº§m vÃ i miáº¿ng , gÃ  cÅ©ng Ã­t , khoai lÃ  chÃ­nh , phomai Ã­t
GÃ  chiÃªn toÃ n má»¡ , Äƒn cá»±c ngáº¥y 
Cháº¥t lÆ°á»£ng Ä‘i xuá»‘ng nhÆ° nÃ y cháº¯c m k quay láº¡i láº§n ná»¯a Ä‘c r",3
103,103,sushi,"MÃ¬nh nhá»› 1 nÄƒm trÆ°á»›c Äƒn quÃ¡n nÃ y ngon láº¯m, á»•n nhÆ° gáº§n nháº¥t trong táº¥t cáº£ cÃ¡c quÃ¡n gÃ  dakgalbi mÃ¬nh Äƒn. NÃªn khi liÃªn hoan team tuáº§n trÆ°á»›c, trong cÃ´ng cuá»™c chÃ¡n láº©u, nÆ°á»›ng thÃ¬ mÃ¬nh cÃ³ kÃ©o má»i ngÆ°á»i ra Ä‘Ã¢y Äƒn. 
Váº«n lÃ  cÃ¡c mÃ³n nhÆ° trÆ°á»›c: gÃ  xÃ o phÃ´ mai, tok chiÃªn, gimbap chiÃªn, hay gÃ  rÃ¡n. Ah, láº§n nÃ y cÃ³ thÃªm mÃ³n má»›i lÃ  báº¡ch tuá»™c xÃ o nhÃ©. NhÆ°ng pháº£i nÃ³i lÃ  Ä‘á»“ Äƒn bÃ¢y giá» quÃ¡ chÃ¡n Ã­. GÃ  rÃ¡n sá»‘t, mÃ¬nh gá»i 1 suáº¥t mÃ  10 ngÆ°á»i Äƒn khÃ´ng háº¿t vÃ¬ quÃ¡ nhiá»u dáº§u má»¡ ngáº¥m vÃ o, khÃ´ng cÃ³ vá»‹ gÃ¬ ngoÃ i vá»‹ dáº§u rÃ¡n. 
GÃ  xÃ o, báº¡ch tuá»™c xÃ o thÃ¬ Ã­t, toÃ n tháº¥y khoai :)) Äƒn nÃ³i chung lÃ  cÅ©ng nhanh ngáº¥y láº¯m. 
KhÃ¢u chuáº©n bá»‹ hÆ¡i lÃ¢u. 
NÃ³i chung lÃ  sáº½ khÃ´ng quay láº¡i ná»¯a",3
104,104,sushi,"NhÃ¢n dá»‹p Dakgalbi Ä‘ang Khuyáº¿n mÃ£i cá»© 1 gÃ  lÃ  kÃ¨m 1 slot nÆ°á»›c gáº¡o to oÃ nh(loáº¡i chai to Ã½), tha há»“ uá»‘ng, hqua mÃ¬nh vs cÃ´ báº¡n thich cÃ¡i lÃ  triá»ƒn luÃ´n.
MÃ¬nh bá»‹ nghiá»‡n gÃ  phomai á»Ÿ Ä‘Ã¢y roÃ i... ğŸ˜­ Ngon dÃ£ man Ã½ ,gÃ  phomai thÃ¬ cay cay chuáº©n vá»‹ luÃ´n káº¿t há»£p vá»›i cÆ¡m dáº»o dáº»o. NhÃ¢n viÃªn cÅ©ng ráº¥t nhiá»‡t tÃ¬nh tÆ° váº¥n cho mÃ¬nh chá»n Ä‘á»“ Äƒn sao cho Ä‘á»§ vá»«a, vÃ¬ luc Ä‘Ã³i vÃ o toÃ n gá»i 1 set gÃ  vá»›i cáº£ 1 vÃ i thá»© khÃ¡c nÃªn toÃ n thá»«a :)) nhÆ°ng Ä‘Æ°á»£c cÃ¡c báº¡n nh viÃªn tÆ° váº¥n láº¡i ğŸ˜š Cháº¥t lÆ°á»£ng vÃ  giÃ¡ cáº£ vá»›i mÃ¬nh thÃ¬ ráº¥t lÃ  á»•n. CÃ³ láº½ Ä‘iá»ƒm trá»« duy nháº¥t lÃ  quÃ¡n khÃ¡ nhá», khi Ä‘Ã´ng khÃ¡ch hÆ¡i ngá»™t ngáº¡t vÃ  Ã¡m mÃ¹i. ğŸ˜­",5
105,105,sushi,"ğŸŒ½ Láº§n Ä‘áº§u tiÃªn bÆ°á»›c vÃ o áº¥n tÆ°á»£ng lÃ  quÃ¡n siÃªu bÃ© vÃ  bÃ­ @@ Ã¡m mÃ¹i kinh khá»§ng. Láº¡i á»“n :( 
ğŸŒ½ Cháº¥t lÆ°á»£ng: gÃ  bá»Ÿ, Äƒn bt. Má»i thá»© chá»‰ dá»«ng láº¡i á»Ÿ má»©c cháº¥p nháº­n dk. Pancha gá»i thoáº£i mÃ¡i nhg má»—i láº§b mag ra 1 Ã­t mÃ  má»—i láº§b gá»i thÃªm nvien ráº¥t thÃ¡i Ä‘á»™. Pancha cx k ngon 
ğŸŒ½ phá»¥c vá»¥: pháº£i ns lÃ  cá»±c cá»±c tá»‡ luÃ´n !!! Tá»« lÃºc vÃ o bá»n mÃ¬nh muá»‘n dk thá»­ nh mÃ³n nÃªn chá»‰ gá»i 1 cháº£o gÃ  xÃ o phomai r gá»i thÃªm mÃ³n Äƒn ngoÃ i. Nhg tháº¿ thÃ¬ ngá»“i 2 bÃ n Äƒn hÆ¡i khÃ³ vÃ¬ chá»‰ cÃ³ 1 cháº£o. MÃ¬nh há»i cÃ³ ghÃ©p dk bÃ n k thÃ¬ tÄ‘á»™ nvien Ä‘Ã£ cá»±c kÃ¬ khinh khá»‰nh r báº£o k dk. ' 
LÃºc sau bá»n mÃ¬nh vx cá»‘ ghÃ©p :))) nÃªn Ä‘á»ƒ Ä‘á»“ trÃªn bÃ n hÆ¡i cháº­t. LÃºc nvien bÃª ra mÃ³n gÃ  1/2chieen vÃ  1/2 sá»‘t thÃ¬ mÃ¬nh nhá» Ä‘á»ƒ sag bÃ n bÃªn cáº¡nh vÃ¬ háº¿t chá»— Ä‘á»ƒ r. Báº¡n áº¥y nÃªu Ã½ kiáº¿n lÃ  cháº£o gÃ  bá»n mÃ¬nh Äƒn sáº¯p háº¿t r nÃªn cá»© Ä‘á»• Ä‘Ä©a gÃ  kia vÃ o luÃ´n Ä‘i nhg mÃ¬nh k muá»‘n tháº¿ :( vÃ¬ gÃ  rÃ¡n vx bá»‹ dÃ­nh sá»‘t cá»§a gÃ  xÃ o cÅ© :( váº­y mÃ  mÃ¬nh chÆ°a ká»‹p ns báº¡n áº¥y Ä‘Ã£ Ä‘á»• háº¿t cÃ¡i Ä‘Ä©a áº¥y vÃ o @@ kiá»ƒu mÃ¬nh kb ns j luÃ´n
Xog lÃºc mÃ¬nh xin thÃªm pancha báº¡n cx Ä‘áº·t cá»™p luÃ´n lÃªn cháº£o gÃ  áº¥y 
Cháº¯c cháº¯n Ä‘Ã¢y lÃ  láº§n Ä‘tien vÃ  cx lÃ  láº§n cuá»‘i cÃ¹ng mÃ¬nh Ä‘áº¿n quÃ¡n !!!",1
106,106,sushi,"Láº§n Ä‘áº§u tá»›i quÃ¡n quÃ¡n nhÆ°ng khÃ´ng gian bÃ© vá»›i bá»‹ Ã¡m mÃ¹i nhiá»u khiáº¿n mÃ¬nh hÆ¡i thÃ¢t vá»ng xÃ­u. 
QuÃ¡n á»Ÿ ngoÃ i máº·t Ä‘Æ°á»ng Nguyá»…n ChÃ­ Thanh nÃªn dá»… tÃ¬m, quÃ¡n chá»‰ cÃ³ 1 táº§ng thÃ´i mÃ  cÅ©ng bÃ© tÃ­ Ã½, nhÆ°ng khÃ¡ lÃ  Ä‘Ã´ng, hÃ´m Ã½ mÃ¬nh qua táº§m 7h mÃ  cÅ©ng full bÃ n rá»“i. MÃ¬nh gá»i 1 cháº£o gÃ  phomai Ä‘Æ°á»£c kÃ¨m thÃªm panchan, cÆ¡m rang vÃ  gá»i thÃªm cáº£ nÆ°á»›c gáº¡o. GÃ  xÃ o phomai báº¯p cáº£i ngon láº¯m, tuy nhiÃªn Ã­t xÃ­u hÃ  :)) CÆ¡m rang thÃ¬ hÆ¡i khÃ´ vá»›i khÃ´ng cÃ³ gÃ¬ Ä‘áº·c biá»‡t láº¯m. á» Ä‘Ã¢y tuy Ä‘Ã´ng nhÆ°ng nhÃ¢n viÃªn váº«n qua xÃ o cho mÃ¬nh nhiá»‡t tÃ¬nh, cÃ³ thá»ƒ do váº­y lÃªn set nÃ y má»›i cÃ³ giÃ¡ táº­n 280k :3 
MÃ¬nh Ä‘áº·t bÃ n qua Table Now nÃªn Ä‘Æ°á»£c discount 10% trÃªn tá»•ng hÃ³a Ä‘Æ¡n.",3
107,107,sushi,"Ä‚n cÅ©ng lÃ¢u lÃ¢u rá»“i, nay má»›i review. 
QuÃ¡n ngay chÃ¢n vincom Nguyá»…n ChÃ­ Thanh, Chá»— Ä‘á»ƒ xe thá»a mÃ¡i. VÃ o Ä‘Ã¢y Äƒn cho ráº», rá»“i vÃ´ CGV xem phim lÃ  vá»«a :)
Menu nháº¥n táº¥t nhiÃªn lÃ  gÃ  xÃ o, báº¡ch tuá»™c xÃ o. BÃ¡n theo combo 2 ngÆ°á»i,4 ngÆ°á»i. Táº©m Æ°á»›p khÃ¡ tá»‘t, trong máº¥y quÃ¡n gÃ  xÃ o mÃ¬nh hay qua quÃ¡n nÃ y hÆ¡n cáº£, cháº¥t lÆ°á»£ng á»•n, combo cÃ³ cáº£ cÆ¡m rang luÃ´n, táº§m 200k gÃ¬ Ä‘Ã³. Pachan gá»i thá»a mÃ¡i.
NhÃ¢n viÃªn ngoan, nhiá»‡t tÃ¬nh.",3
108,108,sushi,"Äá»£t lÃ¢u lÃ¢u rá»“i lÃªn cÆ¡n thÃ¨m gÃ  xÃ o lÃ´i con báº¡n Ä‘i Äƒn ngay vÃ  luÃ´n. tiá»‡n Ä‘Æ°á»ng lÃªn vincom xem phim. 3 Ä‘á»©a táº¡t luÃ´n vÃ o 54 nguyá»…n chÃ­ thanh. tÃªn quÃ¡n lÃ  dakgalbi restaurant. tÃªn ko mÃ u mÃ¨ mÃ  chuáº©n luÃ´n - BÃ¡n gÃ  cá»§a Äáº¡i HÃ n dÃ¢n quá»‘c.:)) 
pháº£i nÃ³i lÃ  gÃ  á»Ÿ Ä‘Ã¢y (mÃ¬nh gá»i set cho 2 ngÆ°Ã²i Äƒn cá»™ng thÃªm Ä‘Ä©a cÆ¡m cuá»‘n) lÃ  vá»«a 3 Ä‘á»©a) GÃ  ráº¥t ngon. vá»«a máº¯t. Äƒn Ä‘áº­m Ä‘Ã . cay cay. khÃ¡ á»•n. cÆ¡m cuá»‘n thÃ¬ Äƒn cÅ©ng bÃ¬nh thÆ°á»ng ko Ä‘áº·c sáº¯c máº¥y.3 Ä‘á»©a Äƒn cÄƒng bá»¥ng mÃ  má»—i ng cÃ³ 100k. quÃ¡ xinh
NhÃ¢n viÃªn ráº¥t nhiá»‡t tÃ¬nh nhÃ©. Ä‘iá»ƒm cá»™ng Ä‘iá»ƒm cá»™ng. ah mÃ  Ä‘á»‹a Ä‘iá»ƒm siÃªu Ä‘áº¹p. nhÆ°ng quÃ¡n nÃªn trang trÃ­ thÃªm cho Ä‘áº¹p áº¡. gÃ³p Ã½ tÃ­... :)) sáº½ quay láº¡i á»§ng há»™ dÃ i dÃ i",4
109,109,sushi,"HÃ´m nay Ä‘áº¹p giá»i nÃªn cáº£ nhÃ³m Ä‘i Äƒn gÃ  xÃ o tiá»‡n thá»ƒ cmsn hai Ä‘á»©a. NhÃ³m mÃ¬nh Ä‘i 7 ngÆ°á»i gá»i 1 gÃ  xÃ o nhá» vÃ¬ cÃ³ máº¥y Ä‘á»©a kÃªu ko Äƒn Ä‘Æ°á»£c cay, 1 á»©c gÃ  xá»‘t tokk cho máº¥y Ä‘á»“ng chÃ­ sá»£ cay vÃ  má»™t cÆ¡m trá»™n cho 1 Ä‘á»“ng chÃ­ Ä‘ang pháº£i kiÃªng gÃ . Tháº¿ nÃ o mÃ  sau khi xem chá»‹ Ã½ xÃ o gÃ  máº¥y tÃªn sá»£ cay cÅ©ng xÃ´ng vÃ o xÃ¢u xÃ© cÃ¡i cháº£o gÃ  bÃ© nhá» xinh xinh cá»§a mÃ¬nh. ThÃ nh ra set 1 mÃ  cÃ³ Ä‘áº¿n 6 ngÆ°á»i Äƒn. ChÆ°a Ä‘Æ°á»£c 2 ná»‘t nháº¡c Ä‘Ã£ xá»­ xong cháº£o gÃ . 
GÃ  xÃ o cay vá»«a pháº£i cÃ¡c báº¡n ko Äƒn Ä‘Æ°á»£c cay váº«n bon chen thoáº£i mÃ¡i. GÃ  má»m khÃ´ng bá»Ÿ nÃ³i chung lÃ  ngon hÆ¡n mÃ¬nh mong Ä‘á»£i. GÃ  xá»‘t tokk thÃ¬ hÆ¡i ngá»t so vá»›i kháº©u vá»‹ cá»§a nhÃ³m mÃ¬nh nÃªn Äƒn Ä‘Æ°á»£c 1/2 lÃ  ngáº¥y, tokk hÆ¡i bá»‹ sÆ°á»£ng so vá»›i bÃªn gÃ  xÃ o.
7 ngÆ°á»i Äƒn nÃ³ cÄƒng mÃ  háº¿t cÃ³ 785k cáº£ nÆ°á»›c, láº¡i Ä‘áº·t bÃ n qua Tablenow nÃªn chá»‰ cÃ²n cÃ³ 700k. TÃ­nh ra cÅ©ng ráº» vÃ¬ no qua thá»ƒ Ä‘Ã¡ng mÃ  ngon ná»¯a",3
110,110,sushi,"QuÃ¡n náº±m gáº§n cáº¡nh Vincom Nguyá»…n ChÃ­ Thanh, gáº§n khÃ¡ch sáº¡n Báº£o SÆ¡n, Ä‘á»‘i diá»‡n Há»c viá»‡n HÃ nh ChÃ­nh. Máº·t tiá»n nho nhá», biá»ƒn cÅ©ng khÃ´ng ná»•i báº­t láº¯m, nhÆ°ng Ä‘á»ƒ Ã½ chÃºt lÃ  tháº¥y
KhÃ´ng gian bÃªn trong cÅ©ng nhá» nháº¯n, ngá»“i bÃ n lÃ  máº¥y cÃ¡i báº¿p giá»‘ng há»‡t HÃ n Quá»‘c. ÄÆ°á»£c cÃ¡i sáº¡ch sáº½ chá»© bÃ© mÃ  hÆ¡i bÃ­. 
BÃ¹ láº¡i lÃ  Ä‘á»“ Äƒn ngon, cháº¥t lÆ°á»£ng. Bá»n mÃ¬nh gá»i gÃ  xÃ o báº¯p cáº£i phomai vÃ  gÃ  rÃºt xÆ°Æ¡ng sá»‘t chua ngá»t. Cháº£o gÃ  xÃ o báº¯p cáº£i cÃ³ Ä‘áº§y Ä‘á»§ gÃ , khoai lang, cÃ  rá»‘t tokbukki, báº¯p cáº£i, phomai. KhÃ¡ch gá»i xong má»›i mang Ä‘á»“ lÃªn báº¿p xÃ o. VÃ¬ Ä‘Ã³i vÃ  thÃ¨m quÃ¡ nÃªn cáº£m tháº¥y thá»i gian Ä‘á»£i Ä‘á»“ chÃ­n lÃ¢u vÃ  hÃ¡o há»©c. Ä‚n Ä‘áº­m Ä‘Ã . ÄÄ©a gÃ  rÃºt xÆ°Æ¡ng cÃ²n ngon hÆ¡n ná»¯a. GÃ  má»m, vá» chiÃªn giÃ²n, sá»‘t chua ngá»t, keo, siÃªu ngon. Ä‚n á»Ÿ Ä‘Ã¢y nháº¥t Ä‘á»‹nh pháº£i gá»i mÃ³n nÃ y Ä‘áº¥y :)) Ä‘á»“ Äƒn kÃ¨m cÅ©ng nhiá»u, salad hoa quáº£, kimchi, cá»§ cáº£i... nÆ°á»›c láº¡nh free
GiÃ¡ hÆ¡i cao nhÆ°ng ngon thÃ¬ cÅ©ng hÃ i lÃ²ng â˜ºï¸
NhÃ¢n viÃªn nhiá»‡t tÃ¬nh chu Ä‘Ã¡o, nÃ³i chung lÃ  á»•nnn",4
111,111,sushi,"HÃ´m Ä‘Ã³ nhÃ  cÃ³ viá»‡c nÃªn mÃ¬nh gá»i dá»‹ch vá»¥ giao hÃ ng delivery cá»§a foody 
nÃ³i chung lÃ  mÃ¬nh Ä‘Ã¡nh giÃ¡ cao dá»‹ch vá»¥ cá»§a foody, háº¹n giá» cá»±c chuáº©n , 
chá»‰ cÃ³ Ä‘iá»u lÃ  Ä‘á»“ Äƒn Ä‘Æ°á»£c gÃ³i cháº¯c do nhÃ  hÃ ng Ä‘Ã³ng khÃ´ng cáº©n tháº­n nÃªn bá»‹ loang lá»• ráº¥t nhiá»u, vÃ­ dá»¥ gÃ  sá»‘t chua ngá»t thÃ¬ bá»‹ cháº£y sá»‘t ra ngoÃ i nhÃ¬n khÃ¡ xáº¥u 
hÃ´m Ä‘Ã³ mÃ¬nh Ä‘á»‹nh gá»i 1 pháº§n gÃ  xÃ o báº¯p cáº£i vÃ  1 con gÃ  chua ngá»t nhÆ° trong menu cá»§a delivery nhÆ°ng nhÃ¢n viÃªn foody báº£o lÃ  quÃ¡n chá»‰ bÃ¡n 2 pháº§n gÃ  xÃ o trá»Ÿ lÃªn nÃªn mÃ¬nh chuyá»ƒn sang gá»i combo vÃ  1 ná»­a con gÃ  chua ngá»t, 
nÃ³i chung má»i ngÆ°á»i nÃªn há»i xem cÃ³ thá»ƒ gá»i nhá»¯ng gÃ¬ vÃ¬ ná»­a con gÃ  cÅ©ng lÃ  khÃ¡ nhiá»u Ä‘áº¥y 
1 combo dÃ nh cho 2 Ä‘áº¿n 3 ngÆ°á»i Äƒn cÃ³ 1 pháº§n gÃ  xÃ o báº¯p cáº£i tÆ°Æ¡ng Ä‘Æ°Æ¡ng 1 bÃ¡t to
1 suáº¥t cÆ¡m rang kim chi cÃ³ tokbokki bÃªn trong, 
Ä‘á»“ Äƒn kÃ¨m cÃ³ rau xÃ  lÃ¡ch, kimchi, cá»§ cáº£i , xu hÃ o chua, sá»‘t tÆ°Æ¡ng Ä‘áº­u 

Äƒn khÃ¡ ngon, phÃ´ mai Äƒn cÅ©ng ngon, bÃ¡nh tok má»m chá»© ko dai, gÃ  chua ngá»t thÃ¬ Ä‘Æ°á»£c thÃ´i chá»© ko xuáº¥t sáº¯c, mÃ u ko dc Ä‘áº¹p nhÆ° máº¥y quÃ¡n chuyÃªn gÃ  hÃ n 

1 pháº§n nhiá»u tháº¿ nÃ y mÃ  dÆ°á»›i 500 thÃ¬ xá»©ng Ä‘Ã¡ng á»§ng há»™ dÃ i",3
112,112,sushi,"Ä‚n lÃ¢u lÃ¢u r g má»›i quay qua nháº­n xet cho Dakgalbi, nhÃ  mÃ¬nh gáº§n khu PhÃ¡o Ä‘Ã i LÃ¡ng nÃªn trÆ°a Ä‘i lÃ m qua tiá»‡n hay vÃ o Dakgalbi, khu nÃ y cÅ©ng it quÃ¡n bÃ¬nh dÃ¢n nhÆ° kiá»ƒu gÃ  xÃ o nÃ y, pháº£i nÃ³i lÃ  quÃ¡n vá» bá» ngoÃ i thÃ¬ ráº¥t Ä‘Ãºng kiá»ƒu street style HÃ n, Ä‘Æ¡n giáº£n vÃ  tiá»‡n, dá»… nhÃ¬n dá»… tÃ¬m, khÃ´ng gian cÃ³ nhá» chut chir co 10 ban, nhÆ°ng ko áº£nh hÆ°á»Ÿng máº¥y, trang trÃ­ cÅ©ng khÃ¡ gá»n gÃ ng. BÆ°á»›c vÃ o quÃ¡n thÃ¬ máº¥y e nhÃ¢n viÃªn ráº¥t nhiá»‡t tÃ¬nh vÃ  áº¥n tÆ°á»£ng nháº¥t lÃ  em Ä‘eo kÃ­nh ráº¥t hay cÆ°á»i :)) . Quan trá»ng nháº¥t lÃ  gÃ  xÃ o ráº¥t má»m, vá»‹ ngá»t Ä‘áº­m Ä‘Ã , (ko biáº¿t cÃ³ pháº£i do em Ä‘eo kÃ­nh xÃ o ko) :)) vÃ  mÃ¬nh cáº£m tháº¥y ráº¥t thoáº£i mÃ¡i khi Äƒn, xin thÃªm panchan vÃ´ tÆ°. mong cá»­a hÃ ng lÃ  thÃªm táº§ng 2 Ä‘á»ƒ khi nÃ o mÃ¬nh vÃ o g cao Ä‘iá»ƒm váº«n cÃ²n chá»— ngá»“i...",4
113,113,sushi,"Má»›i Ä‘i khÃ´ng lÃ¢u, xin review má»™t chÃºt vá» quÃ¡n theo chÃºt k/n Ã­t á»i cá»§a báº£n thÃ¢n.

Äá»“ Äƒn: dÃ¹ quÃ¡n ná»•i tiáº¿ng vá»›i gÃ  xÃ o báº¯p cáº£i phÃ´ mai nhÆ°ng mÃ¬nh khÃ´ng tháº¥y áº¥n tÆ°á»£ng láº¯m, á»Ÿ má»©c á»•n thÃ´i vÃ¬ Ä‘Ã£ xem cÃ¡ch há» lÃ m, gÃ  thÃ¬ ráº¥t tÆ°Æ¡i tuy nhiÃªn khÃ´g táº©m Æ°á»›p gÃ¬ nhiá»u nÃªn vá»‹ cá»§a gÃ  khÃ´ng Ä‘áº­m Ä‘Ã  láº¯m, cÅ©ng nhÆ° háº§u háº¿t lÃ  pháº§n thá»‹t tráº¯ng nÃªn Äƒn hÆ¡i ngÃ¡n má»™t chÃºt. MÃ³n káº¿t nháº¥t cÃ³ láº» lÃ  gÃ  rÃºt xÆ°Æ¡ng xá»‘t tokbuki, gÃ  rÃ¡n ráº¥t má»m káº¿t há»£p thÃªm vá»›i sá»‘t tuyá»‡t ngon. Tokbuki nhá», Äƒn ráº¥t Ä‘áº­m vá»‹. 

KhÃ´ng gian: quÃ¡n khÃ¡ dá»… tÃ¬m, hÆ¡i cháº­t má»™t chÃºt vÃ¬ chá»‰ cÃ³ táº§ng 1, khs láº¡i khÃ´ng thiáº¿t káº¿ thÃªm táº§ng 2. Sáº¡ch sáº½, báº¿p náº¥u riÃªng. NhÃ¢n viÃªn phá»¥c vá»¥ nhiá»‡t tÃ¬nh.",3
114,114,sushi,"CÃ¡c mÃ³n vÃ  giÃ¡ tiá»n ok, khÃ´ng quÃ¡ Ä‘áº¯t. GÃ  xÃ o phÃ´ mai á»•n, gÃ  rÃ¡n giÃ²n ngon, vá» giÃ²n tan. Má»—i tá»™i buá»•i tá»‘i Ä‘Ã´ng khÃ¡ch nÃªn nhÃ¢n viÃªn cháº­m, pháº£i order nhiá»u láº§n mÃ  lÃºc mang ra cÃ³ khi Ä‘Ã£ Äƒn xong, vÃ­ dá»¥ nhÆ° thÃªm phÃ´ mai cho gÃ  xÃ o.",3
115,115,sushi,"GÃ¢Ì€n nhaÌ€ maÌ€ Ä‘Æ°Æ¡Ì£c giaÌ‰m 10% Ä‘ÄƒÌ£t baÌ€n qua tableNow nÃªn miÌ€nh Ä‘i thÆ°Ì‰. QuaÌn khaÌ nhoÌ‰, nÄƒÌ€m gÃ¢Ì€n gÃ¢Ì€n Vincom NCT. 
NhÃ¢n viÃªn thÆ°Ì£c sÆ°Ì£ laÌ€ hÆ¡i thiÃªÌu nhiÃªÌ£t tiÌ€nh. Loay hoay dÄƒÌt xe maÌƒi mÆ¡Ìi ra chiÌ‰ chÃ´Ìƒ.  BaÌ£n miÌ€nh Ä‘ÃªÌn trÆ°Æ¡Ìc, vaÌ€o ngÃ´Ì€i mÃ´Ì£t miÌ€nh cuÌƒng khÃ´ng ai ra hoÌ‰i han 1 cÃ¢u hay mÆ¡Ì€i Ä‘Æ°Æ¡Ì£c cÃ´Ìc nÆ°Æ¡Ìc loÌ£c.
Menu khaÌ iÌt moÌn, vaÌ€ chiÌ‰ coÌ gaÌ€ xaÌ€o/ lÆ¡Ì£n xaÌ€o/ baÌ£ch tuÃ´Ì£c xaÌ€o chÆ°Ì khÃ´ng coÌ loaÌ£i mix. MiÌ€nh goÌ£i 1 phÃ¢Ì€n gaÌ€ xaÌ€o lÆ¡Ìn thÃªm thiÌ£t lÆ¡Ì£n thiÌ€ nhÃ¢n viÃªn khÃ´ng biÃªÌt tiÌnh tiÃªÌ€n thÃªÌ naÌ€o nÃªn Ä‘aÌ€nh chuyÃªÌ‰n thaÌ€nh goÌ£i 1 gaÌ€ xaÌ€o nhoÌ‰ + 1 lÆ¡Ì£n xaÌ€o nhoÌ‰. ThaÌ€nh ra Äƒn laÌ£i khÃ´ng Ä‘Æ°Æ¡Ì£c no. 
ÄiÃªÌ‰m cÃ´Ì£ng laÌ€ Ä‘Ã´Ì€ Æ¡Ì‰ Ä‘Ã¢y khÃ´ng biÌ£ nhaÌ£t nheÌƒo vÆ¡Ìi ngÃ¢Ìy mÆ¡Ìƒ, nhÆ°ng phÃ´ mai thiÌ€ iÌt maÌ€ laÌ£i coÌ€n laÌ€ phÃ´ mai baÌ€o chÆ°Ì khÃ´ng phaÌ‰i sÆ¡Ì£i, nÃªn Äƒn khÃ´ng Ä‘aÌƒ. 
AÌ€ maÌ€ quaÌn coÌ Ä‘iÃªÌ€u hoÌ€a nhÆ°ng vÃ¢Ìƒn noÌng vÃ´ cuÌ€ng, ngÃ´Ì€i Äƒn toaÌt hÃªÌt caÌ‰ mÃ´Ì€ hÃ´i.",3
116,116,sushi,"QuÃ¡n á»Ÿ máº·t Ä‘Æ°á»ng Nguyá»…n ChÃ­ Thanh ngay gáº§n vincom ráº¥t lÃ  dá»… tÃ¬m. QuÃ¡n hÆ¡i nhá», Ä‘Æ°á»£c táº§m 6-7 bÃ n gÃ¬ Ä‘Ã³? Vá»‰a hÃ¨ khÃ¡ lÃ  cháº­t Ä‘á»ƒ Ä‘Æ°á»£c Ã­t xe. QuÃ¡n Äƒn kiá»ƒu bÃ¬nh dÃ¢n nÃªn khÃ´ng cÃ³ trang trÃ­ Ä‘áº¹p Ä‘áº½ gÃ¬ nha.
Äá»“ Äƒn khÃ¡ lÃ  oke. Bá»n mÃ¬nh Ä‘i 5 ngÆ°á»i gá»i 1 cháº£o gÃ  phÃ´ mai nhá», 1 kimbap, 1 ba chá»‰ xÃ o má»—i ng háº¿t khoáº£ng 80k. Cháº¯c cÅ©ng vá»«a pháº£i vÃ¬ trÆ°á»›c Ä‘Ã³ bá»n mÃ¬nh Äƒn no báº¯p rang bÆ¡ rá»“i ))) GÃ  phÃ´ mai Äƒn Ä‘c nhÆ°ng mÃ  mÃ¬nh thÃ­ch nhiá»u phÃ´ mai hÆ¡n cÆ¡ nÃªn Äƒn hÆ¡i bá»‹ tháº¥t vá»ng. Kimbap thÃ¬ bÃ¬nh thÆ°á»ng. ÄÆ°á»£c Ä‘Ä©a thá»‹t ba chá»‰ xÃ o thÃ¬ ngon mÃ  Ã­t nÃªn... )) nÆ°á»›c lá»c uá»‘ng miá»…n phÃ­ :3 Ä‚n xong thÃ¬ ngÆ°á»i hÆ¡i bá»‹ mÃ¹i ))
NhÃ¢n viÃªn thÃ¢n thiá»‡n.",3
117,117,sushi,"MÃ¬nh cÃ³ Ä‘áº·t bÃ n qua table now cho 5 ng. áº¤n tÆ°á»£ng Ä‘áº§u tiÃªn cá»§a mÃ¬nh khi bÆ°á»›c vÃ o quÃ¡n lÃ  nhá», sÃ¡ng, trang trÃ­ khÃ¡ lÃ  Ä‘Æ¡n giáº£n. Äá»“ Äƒn dá»n ra khÃ¡ lÃ  nhanh. NhÃ¢n viÃªn nhanh nháº¹n, thÃ¢n thiá»‡n. MÃ¬nh tháº¥y gÃ  xÃ o báº¯p cáº£i phomai bÃ¬nh thÆ°á»ng, khÃ¡ nháº¡t. á»¨c gÃ  sá»‘t chua ngá»t ngon tuyá»‡t cÃº mÃ¨o trá»i áº¡ Äƒn hoÃ i k ngÃ¡n ğŸ˜‚ğŸ˜‚ bá»n mÃ¬nh cÃ³ gá»i set Äƒn 280k, má»™t suáº¥t á»©c gÃ  sÃ³t chua ngá»t vÃ  cÃ³ gá»i thÃªm 1 gimbap chiÃªn. Ä‚n no cÄƒng luÃ´n :)) thÃªm má»™t Ä‘iá»ƒm cá»™ng lÃ  má»—i bÃ n cÃ³ sáºµn má»™t bÃ¬nh nc lá»c mÃ¡t, háº¿t thÃ¬ nhÃ¢n viÃªn sáº½ tá»± Ä‘á»™ng mang ra thÃªmğŸ‘ğŸ‘ tuy nhiÃªn Ä‘iá»ƒm trá»« lÃ  Ä‘iá»u hÃ²a quÃ¡ nÃ³ng, k Ä‘á»§ mÃ¡t. Bá»n mÃ¬nh vá»«a Äƒn vá»«a má»“ hÃ´i Ä‘áº§m Ä‘Ã¬a huhu. Mong quÃ¡n kháº¯c phá»¥c sá»›m nhÃ©âœŒ",4
118,118,sushi,"Äá»“ Äƒn khÃ´ng ngon báº±ng cÃ¡c quÃ¡n Dakgalbi khÃ¡c mÃ  mÃ¬nh Ä‘Ã£ Äƒn.
- Set: gÃ  báº¯p cáº£i + phÃ´ mai + cÆ¡m chiÃªn cÃ³ cÆ¡m chiÃªn khÃ¡ ngon.
- GÃ  sá»‘t bÃ¬nh thÆ°á»ng.
- Canh rong biá»ƒn náº¥u hÆ¡i tanh.
- CÆ¡m trá»™n ok.
Chá»‰ khÃ´ng thÃ­ch má»™t chá»— lÃ  quÃ¡n bá»‹ Ã¡m mÃ¹i lÃªn quáº§n Ã¡o vÃ¬ khÃ´ng cÃ³ á»‘ng hÃºt mÃ¹i.
Náº¿u chá»n Ä‘á»ƒ quay láº¡i thÃ¬ cháº¯c mÃ¬nh sáº½ khÃ´ng quay láº¡i Ä‘Ã¢y",3
119,119,sushi,"#GiÃ¡ cáº£: cÃ ng Ä‘i Ä‘Ã´ng thÃ¬  cÃ ng ráº» nhÃ©. Bá»n m Ä‘áº·t bÃ n qua Table now nÃªn Ä‘c giáº£m giÃ¡ 10% ^^.#Vá»‹ TrÃ­: Dá»… tÃ¬m, ngay gáº§n Vincom Nguyá»…n ChÃ­ Thanh
 CÃ³ chá»— Ä‘á»ƒ xe (táº§m 10 -20 chiáº¿c)

#KhÃ´ng gian thÃ¬ cÃ³ váº» hÆ¡i bÃ© nhÃ©, cÃ³ Ä‘iá»u hÃ²a. Náº¿u Ä‘i Ä‘Ã´ng thÃ¬ nÃªn Ä‘áº·t bÃ n trÆ°á»›c Ä‘á»ƒ bÃªn NhÃ  hÃ ng sáº¯p xáº¿p chá»—

 #Phá»¥c vá»¥: CÃ¡c nhÃ¢n viÃªn Ä‘á»u ráº¥t nhiá»‡t tÃ¬nh tá»« lÃºc vÃ o cá»­a hÃ ng. Ráº¥t chÃº Ã½ Ä‘áº¿n khÃ¡ch hÃ ng: MÃ¬nh lÃ m rÆ¡i Ä‘Å©a hay thÃ¬a thÃ¬ Ä‘á»u cÃ³ nhÃ¢n viÃªn láº¥y ngay cho mÃ¬nh Ä‘Ã´i/chiáº¿c má»›i :'(

#Äá»“ Äƒn: Bá»n mÃ¬nh gá»i mÃ³n gá»“m Set 1 (gÃ  báº¯p cáº£i phÃ´ mai +cÆ¡m rang) + 1 con gÃ  (ná»­a rÃ¡n, ná»­a sá»‘t) + 2 suáº¥t á»©c gÃ  sá»‘t tokbokki cho 9 ngÆ°á»i Äƒn.
Ä‚n cay vá»«a vá»«a thÃ¬ Ä‘á»™ máº·n sáº½ phÃ¹ há»£p nhÃ©. Ä‚n Ã­t cay nháº¡t nhÃ© má»i ngÆ°á»i.
CÆ¡m rang ráº¥t ngon vÃ  vá»«a váº·n :'( NÆ°á»›c sá»‘t cÅ©ng khÃ¡ ngon nhÆ°ng mÃ¬nh tháº¥y thÃ¬ hÆ¡i ngá»t tÃ­ :3
GÃ  thÃ¬ khÃ´ng quÃ¡ bá»Ÿ :3
NÃ³i chung Ä‘á»“ Äƒn khÃ¡ á»•n vÃ  no cÃ¡c báº¡n áº¡ :'(
Ä‚n thoáº£i mÃ¡i kimchi + Ä‘á»“ Äƒn kÃ¨m nhÃ© + Uá»‘ng nÆ°á»›c lá»c láº¡nh thoáº£i mÃ¡i

 #GiÃ¡ cáº£: cÃ ng Ä‘i Ä‘Ã´ng thÃ¬  cÃ ng ráº» nhÃ©. Bá»n m Ä‘áº·t bÃ n qua Table now nÃªn Ä‘c giáº£m giÃ¡ 10% ^^. 
M Ä‘i 9ng, thÃ¬ má»—i ngÆ°á»i táº§m 130k nhÃ© ^^",4
120,120,sushi,"Vá»›i dÃ¢n nghiá»n phÃ´ mai vÃ  cÃ¡c mÃ³n liÃªn quan thÃ¬ khÃ´ng thá»ƒ bá» qua chá»— nÃ y. Há»“i trÆ°á»›c mÃ¬nh hay Äƒn Dakgalbi á»Ÿ Nguyá»…n Khang nhÆ°ng giá» chá»— Ä‘áº¥y khÃ´ng Ä‘áº·t hay Ä‘áº¿n sá»›m thÃ¬ lÃºc nÃ o cÅ©ng full. ThÃ´i ngáº­m ngÃ¹i chui ra Ä‘Ã¢y, Ä‘Æ°á»£c cÃ¡i cÅ©ng gáº§n cÆ¡ quan.
Äá»‹a Ä‘iá»ƒm khÃ¡ thoáº£i mÃ¡i vÃ  rá»™ng hÆ¡n á»Ÿ Nguyá»…n Khang nhÆ°ng trang trÃ­ hÆ¡i xáº¥u, Ä‘á»“ Äƒn HÃ n Quá»‘c nhÆ°ng áº£nh trÃªn tÆ°á»ng mang hÆ¡i hÆ°á»›ng Kfc vs Affresco ?!
Bá» qua vá»¥ trang trÃ­ thÃ¬ Ä‘á»“ Äƒn á»Ÿ Ä‘Ã¢y ráº¥t Ngonnnn~ má»i ngÆ°á»i Ä‘i Ä‘Ã´ng hay Äƒn gÃ  xÃ o phÃ´ mai giá» cÃ³ cáº£ combo cÃ³ cÆ¡m ná»¯a mÃ  chá»‰ cÃ³ 280k-3,4 ngá»«oi Äƒn má»›i háº¿t. 
MÃ¬nh Ä‘i 2 ngÆ°á»i chá»‰ hay Äƒn gÃ  rÃºt xÆ°Æ¡ng sá»‘t cÅ©ng ráº¥t ngon mÃ  Ä‘Æ°á»£c gá»i 1/2 suáº¥t lÃ  125k vá»›i 60k phÃ´ mai topping ná»¯a. GÃ  sá»‘t Ä‘áº­m Ä‘Ã  cay cay quyá»‡n vs phÃ´ mai bÃ©o bÃ©o khÃ¡ ngon vÃ  ... Tá»‘n nÆ°á»›c. NhÃ  hÃ ng cÅ©ng hiá»ƒu khÃ¡ch nÃªn cho free 1 bÃ¬nh nÆ°á»›c to á»Ÿ má»—i bÃ n Äƒn. 
CÆ¡m trá»™n mÃ¬nh Äƒn 1 láº§n cÅ©ng khÃ¡ Ä‘Æ°á»£c, cÃ¡c mÃ³n kim chi cá»§ cáº£i Äƒn kÃ¨m cÅ©ng okie~ chá»‰ pháº£i tá»™i bÃ©o vÃ  quÃ¡ no Ä‘i Äƒn hÃ´m nÃ o cÅ©ng pháº£i láº¡ch báº¡ch vÃ¡c bá»¥ng vá».",3
121,121,sushi,"Tá»‘i nay mÆ°a giÃ³ buá»“n má»“m thÃ¨m Äƒn gÃ  mÃ  ngáº¡i ra Ä‘Æ°á»ng, ngá»“i scroll má»™t lÃºc nhá»› ra mÃ³n gÃ  rÃºt xÆ°Æ¡ng mÃ  mÃ¬nh Äƒn á»Ÿ quÃ¡n. Tháº¿ lÃ  Ä‘Ã¡nh liá»u gá»i Ä‘iá»‡n Ä‘áº¿n há»i xem quÃ¡n cÃ³ ship gÃ  k, hoÃ¡ ra lÃ  cÃ³ nhÃ©, láº¡i cÃ²n k láº¥y tiá»n ship ná»¯a, ráº¥t Æ°ng.
MÃ¬nh chá»‰ gá»i 1 xuáº¥t gÃ  rÃºt xÆ°Æ¡ng sá»‘t máº­t ong vá»›i tok 250k, khoáº£ng 30ph sau lÃ  cÃ³ ng gá»i Ä‘iá»‡n Ä‘áº¿n há»i Ä‘Æ°á»ng vÃ o nhÃ . GÃ  Ä‘c bá»c giáº¥y báº¡c cáº©n tháº­n rá»“i Ä‘á»ƒ trong há»™p bÃ¬a cá»©ng nhÆ° há»™p Ä‘á»±ng pizza Ã½, cÃ³ 2 há»™p nhá»±a Ä‘á»±ng cá»§ cáº£i muá»‘i vá»›i kimchi. HÆ¡i báº¥t ngá» ná»¯a lÃ  quÃ¡n táº·ng cho 1 lon pepsi dÃ¹ mÃ¬nh k order (hay lÃ  quÃ¡n tÃ­nh nháº§m nhá»‰, chÃ³t vá»©t hoÃ¡ Ä‘Æ¡n Ä‘i máº¥t r xD).
1 suáº¥t nhÆ° nÃ y Äƒn ngon Ä‘áº«y Ä‘Ã , gÃ  Ä‘áº¿n váº«n nÃ³ng, ngáº¥m xá»‘t ngon miÃªn man. Note láº¡i vá» sau triá»ƒn khai tiáº¿p :>",4
122,122,sushi,"Vá»‹ trÃ­ khÃ¡ dáº½ nhÃ¬n
 Äá»“ Äƒn ráº¥t há»£p kháº©u vá»‹
KhÃ´ng gian cÅ©ng ráº¥t lÃ  Ok
áº¤n tÆ°á»£ng nháº¥t lÃ  ThÃ¡i Ä‘á»™ lÃ m viá»‡c cá»§a nhÃ¢n viÃªn
Vá»›i cÃ¡ nhÃ¢n mÃ¬nh giÃ¡ cáº£ há»£p lÃ­..",3
123,123,sushi,"Ä‚n lÃ¢u lÃ¢u rá»“i nÃªn má»™t sá»‘ vá» giÃ¡ cáº£ k chÃ­nh xÃ¡c láº¯m nhÃ© :)
QuÃ¡n khÃ¡ dá»… tÃ¬m, ngay cáº¡nh vincom NCT or the kafe. KhÃ´ng gian má»™t táº§ng.
Má»™t suáº¥t gÃ  xÃ o báº¯p cáº£i 2 ngÆ°á»i Äƒn giÃ¡ 280k, Ä‘iá»ƒm cá»™ng lÃ  kÃ¨m cáº£ cÆ¡m rang luÃ´n, k pháº£i gá»i thÃªm nhÆ° má»™t sá»‘ quÃ¡n khÃ¡c.
GÃ  xÃ o Ä‘Ã¡nh giÃ¡ cÃ¡ nhÃ¢n lÃ  khÃ¡ ngon, nÃªm gia vá»‹ khÃ¡ á»•n, Äƒn vá»«a miá»‡ng, phÃ´ mai ngon, chá»‘t cho cÆ¡m vÃ o rang lÃ  pÆ¡ pháº¿ch. CÃ³ gá»i thÃªm 1 gÃ  sá»‘t gÃ¬ Ä‘áº¥y, 250k cáº£ con, Äƒn Ä‘Æ°á»£c, dá»… Äƒn vá»›i cÃ¡c báº¡n ná»¯.
NhÃ¢n viÃªn ngoan, nhiá»‡t tÃ¬nh.",4
124,124,sushi,"Ao Æ°á»›c mÃ£i má»›i cÃ³ cÆ¡ há»™i Ä‘i Äƒn gÃ  xÃ o, quÃª mÃ¹a quÃ¡ ))) Tháº¥y quÃ¡n nÃ y giÃ¡ cáº£ bÃ¬nh dÃ¢n review ok nÃªn qua Äƒn. Äáº·t bÃ n qua table now giáº£m giÃ¡ 10%, nhÆ°ng thá»±c ra cÃ¡c báº¡n gá»i vÃ o sá»‘ cá»§a quÃ¡n (search facebook Ã½) lÃ  sáº½ Ä‘c giáº£m 10%, Ä‘i Äƒn quÃ¡n cá»© nháº¯c Ä‘i nháº¯c láº¡i vá»›i bá»n mÃ¬nh )).
ğŸ™„Vá»‹ trÃ­ & khÃ´ng gian: quÃ¡n á»Ÿ sá»‘ 54, Ä‘i qua ks Báº£o SÆ¡n 1-2 nhÃ  lÃ  tháº¥y ngay, giá»¯a mÃ´tt rá»«ng biá»ƒn hiá»‡u láº¥p lÃ¡nh thÃ¬ quÃ¡n k Ä‘c ná»•i trá»™i láº¯m, nháº¥t lÃ  Ä‘i trá»i tá»‘i biá»ƒn Ä‘en chá»¯ tráº¯ng. QuÃ¡n hÃ¬nh nhÆ° cÃ³ Ä‘Ãºng 1 táº§ng, ráº¥ttt bÃ© nhÆ°ng k Ä‘áº¿n ná»—i Ä‘Ã¢m sáº§m vÃ o nhau )), háº¹p ngang vÃ  sÃ¢u vÃ o trong, kÃª Ä‘c 2 hÃ ng bÃ n gháº¿, Ä‘á»ƒ Ä‘c 11 chiáº¿c bÃ n nhÃ©. Ã€ quÃ¡n trang trÃ­ hÆ¡i xáº¥u cÃ¡c cáº­u áº¡ )) 
ğŸ™„Äá»“ Äƒn & giÃ¡ cáº£: gÃ  xÃ o Äƒn bÃ¬nh thÆ°á»nggggg, Ã  thá»±c ra nhÃ¬n nÃ³ áº£o diá»‡u thÃ´i chá»© cÅ©ng k kÃ¬ vá»ng nh láº¯m )) bá»n mÃ¬nh Ä‘i 3 ng Äƒn cÃ¡i set 1 cÃ³ 1 gÃ  xÃ o vá»›i phomai vÃ  cÆ¡m rang 280k Äƒn xong cÅ©ng lÆ°ng lá»­ng. Ã€ cÃ¡i set Ä‘Ã³ ghi lÃ  trÆ°a nhÆ°ng náº¿u gá»i tá»‘i váº«n Ä‘c nhá»›. Sau Ä‘Ã³ bminh gá»i thÃªm ná»­a suáº¥t gÃ  rÃºt xÆ°Æ¡ng sá»‘t 125k, sá»‘t ngonnnnn, cÃ²n ngon hÆ¡n á»Ÿ Papa quÃ¡ ))) cÃ³ máº¥y miáº¿ng tok vÃ  nhá»¯ng miáº¿ng gÃ  bÃ© bÃ© vá»«a miá»‡ng. NhÃ¬n chung thÃ¬ Ä‘á»“ Äƒn á»Ÿ má»©c trung bÃ¬nh khÃ¡ nhÃ¡, so vá»›i giÃ¡ tiá»n thÃ¬ Ä‘áº¹p luÃ´nnnn.
Panchan cÃ³ Ã­t, má»—i cá»§ cáº£i ngÃ¢m, kimchi (Äƒn k ngon láº¯m) vÃ  hoa quáº£ sá»‘t. Chá»— nÃ y Äƒn Ä‘Å©a gá»— nhÃ© k pháº£i Ä‘uax inox ))) 
ğŸ™„Dá»‹ch vá»¥: nhÃ¢n viÃªn nhiá»‡t tÃ¬nh lá»‹ch sá»±, dáº¯t xe cho xong hnay Ä‘i trá»i mÆ°a cÃ²n láº¥y khÄƒn lau yÃªn cho mÃ¬nh ğŸ˜Œ khÃ¡ lÃ  Æ°ng Ä‘Ã³.
Náº¿u muá»‘n Äƒn Ä‘á»“ giÃ¡ Ä‘áº¹p thÃ¬ cá»© triá»ƒn quÃ¡n nÃ y ok Ä‘Ã³",3
